"Post ID",Permalink,"Post Message",Type,Countries,Languages,Posted,"Lifetime Post Total Reach","Lifetime Post organic reach","Lifetime Post Paid Reach","Lifetime Post Total Impressions","Lifetime Post Organic Impressions","Lifetime Post Paid Impressions","Lifetime Engaged Users","Lifetime Talking About This (Post) by action type - comment","Lifetime Talking About This (Post) by action type - like","Lifetime Talking About This (Post) by action type - share","Lifetime Post Stories by action type - comment","Lifetime Post Stories by action type - like","Lifetime Post Stories by action type - share","Lifetime Post Consumers","Lifetime Post Consumptions","Lifetime Post consumers by type - link clicks","Lifetime Post consumers by type - other clicks","Lifetime Post Consumptions by type - link clicks","Lifetime Post Consumptions by type - other clicks","Lifetime Negative feedback","Lifetime Negative Feedback from Users","Lifetime Negative feedback - hide_clicks","Lifetime Negative Feedback from Users by Type - hide_clicks","Lifetime Post Impressions by people who have liked your Page","Lifetime Post reach by people who like your Page","Lifetime Post Paid Impressions by people who have liked your Page","Lifetime Paid reach of a post by people who like your Page","Lifetime People who have liked your Page and engaged with your post","Lifetime Average time video viewed","Lifetime Organic views to 95%","Lifetime Organic views to 95%","Lifetime Paid views to 95%","Lifetime Paid views to 95%","Lifetime Video length","Lifetime Organic Video Views","Lifetime Organic Video Views","Lifetime Paid Video Views","Lifetime Paid Video Views"
,,,,,,,"Lifetime: The total number of people your Page post was served to. (Unique Users)","Lifetime: The number of people who saw your Page post in news feed or ticker, or on your Page's timeline. (Unique Users)","Lifetime: The number of people your advertised Page post was served to. (Unique Users)","Lifetime: The number of impressions of your Page post. (Total Count)","Lifetime: The number of impressions of your post in News Feed or ticker or on your Page's Timeline. (Total Count)","Lifetime: The number of impressions of your Page post in an Ad or Sponsored Story. (Total Count)","Lifetime: The number of people who clicked anywhere in your posts. (Unique Users)","Lifetime: The number of unique people who created a story about your Page post by interacting with it. (Unique Users)",,,"Lifetime: The number of stories created about your Page post, by action type. (Total Count)",,,"Lifetime: The number of people who clicked anywhere in your post. (Unique Users)","Lifetime: The number of clicks anywhere in your post. (Total Count)","Lifetime: The number of people who clicked anywhere in your post, by type. (Unique Users)",,"Lifetime: The number of clicks anywhere in your post, by type. (Total Count)",,"Lifetime: The number of people who have given negative feedback to your post. (Unique Users)","Lifetime: The number of times people have given negative feedback to your post. (Total Count)","Lifetime: The number of people who have given negative feedback to your post, by type. (Unique Users)","Lifetime: The number of times people have given negative feedback to your post, by type. (Total Count)","Lifetime: The number of impressions of your Page post to people who have liked your Page. (Total Count)","Lifetime: The number of people who saw your Page post because they've liked your Page (Unique Users)","Lifetime: The number of paid impressions of your Page post to people who have liked your Page. (Total Count)","Lifetime: The number of people who like your Page and who saw your Page post in an ad or sponsored story. (Unique Users)","Lifetime: The number of people who have liked your Page and clicked anywhere in your posts. (Unique Users)","Lifetime: Average time video viewed (Total Count)","Lifetime: Number of times your video was viewed to 95% of its length without any paid promotion. (Total Count)","Lifetime: Number of times your video was viewed to 95% of its length without any paid promotion. (Unique Users)","Lifetime: Number of times your video was viewed to 95% of its length after paid promotion. (Total Count)","Lifetime: Number of times your video was viewed to 95% of its length after paid promotion. (Unique Users)","Lifetime: Length of a video post (Total Count)","Lifetime: Number of times your video was viewed for more than 3 seconds without any paid promotion. (Total Count)","Lifetime: Number of times your video was viewed for more than 3 seconds without any paid promotion. (Unique Users)","Lifetime: Number of times your video was viewed more than 3 seconds after paid promotion. (Total Count)","Lifetime: Number of times your video was viewed more than 3 seconds after paid promotion. (Unique Users)"
425972674207761_601176493354044,https://www.facebook.com/UnitedIssue/posts/601176493354044,"【日媒】 馬爾地夫──「獨裁」強化的樂園：逮捕政敵、觀光業也蒙上陰影
　
U.I網頁版： http://united-issue.com/posts/363
　
【新德里報導】印度洋島國馬爾地夫逐漸染上獨裁色彩。 2013年就任的雅門總統今年起逐步逮捕前元首等的政敵。另外解職受理9月快艇爆炸事件的警察幹部和國防部長、也逮捕副總統。對於強權政治的不滿持續升高。馬爾地夫是新婚者的聖地，今後觀光業恐怕大受影響。
　
　
◇暗殺總統未遂？
　
　
10月24日訪問中國回來，阿迪布副總統就在被警察架住兩側的情況下下飛機，以暗殺總統未遂的嫌疑被逮捕，直接送至拘留所的島上。
　
事情的開端事9月下旬發生雅門總統的快艇爆炸事件。總統搭乘的快艇在到達首都馬雷的碼頭前爆炸，總統夫人等3人受傷。
　
　
◇整肅風暴
　
以此事件為契機，雅門加快整肅政敵的腳步。國防部長、包含警察局長等的警察幹部逐一被解職，說明逮捕副總統是因為其妨礙事件搜查，並批評其是國家的威脅。
　
印度和平紛爭研究所克里希納馬蒂指出「雅門總統正在一步一步鞏固獨裁政體。」雅門今年2月時以不法持有武器為由逮捕當時的國防部長，2周之後懷疑總統候選對手(前總統納希德)為恐怖分子而將其逮捕，也壓制抨擊雅門「權力濫用」的在野黨抗議活動。
　
　
◇回歸獨裁
　
　
對於馬爾地夫國民而言，獨裁政治的苦楚仍記憶猶新。至前總統加堯姆在2008年首次舉行的民主選舉上輸給納希德之前，馬爾地夫施行了30年的獨裁政治。
　
為訴求防止地球暖化召開「海中閣議」而受關注的納希德遭到政變，僅僅4年就失勢。2013年總統大選由前總統加堯姆之弟雅門獲勝。
　
克里希納馬蒂表示「雅門擴大恐怖分子罪的適用對象、通過反恐法斗，可能以維持安全為由排除政敵」。日本每年約4萬人至馬爾地夫旅遊，未來其「樂園」的印象將逐漸改變。
　
　
資料來源： http://headlines.yahoo.co.jp/hl?a=20151031-00000053-jij-asia　
　
　
圖片：http://news.xinhuanet.com/english/photo/2013-11/17/c_132895285_3.htm 
　
　
譯者：F.D Liling, Jr.",Link,,,"11/12/2015 10:15:00 PM",354,354,0,603,603,0,24,,9,,,9,,18,19,1,17,1,18,0,0,,,520,281,0,0,24,0,0,0,0,0,0,0,0,0,0
425972674207761_600803416724685,https://www.facebook.com/UnitedIssue/posts/600803416724685,"【俄媒】【評論】這一握，可能誕生一個世界強權
　
U.I網頁版： http://united-issue.com/posts/367
　
中國大陸與臺灣地區的領導人在上週六於新加坡會談，並相互握手。
　
1949年的中國內戰令蔣介石與國民黨政權逃到了臺灣，並從一個國家變成中國獨立出來的特殊區域，分隔雙方的不僅是海峽，更是冷戰的氛圍。而此次便是1949年後的首度會面。
　
中國與臺灣的互動，直到1980年代末期才逐漸恢復。1993年於新加坡，在當時同為華人的總理──李光耀幫助下，北京與臺北展開了第一次的高層會談。
　
新加坡從此成為此類會談的重要地點。這裡是舉世聞名的金融中心，也是相當中立的國家。此地大部分的人口都是華人，而他們之中許多人也都在中國大陸或者臺灣有親戚。
　
這次的會談其實兩年前就開始準備了，而中國與臺灣首領的協商也從2014年初就開始醞釀。
　
中國媒體稱這次會面是:『海峽兩岸領導人的會談』。兩岸的問題非常複雜，中華人民共和國的法律，宣稱臺灣為其領土，但臺灣島上的政府則認為自己是唯一正統合法的中華民族政權。因此臺灣官方的領導人頭銜是『中華民國總統』，而我們的媒體則婉轉地稱其『臺灣行政首長』。
　
此兩方都遵守1992年的共識，並遵循『一個中國』原則。即是說，在國際上不存在兩個中國政權，只會有一個。
　
對中國來說，臺灣問題(或臺北問題)至關重要，而對臺灣來說北京問題也是如此。
　
首先，臺灣島上創新的高科技產業與龐大的金融資源，可以大幅提升中國大陸的優勢。
　
臺灣的年度GDP換算下來高達上千億美元，對中國來說可以有效加強其在國際上的經濟地位。此外，這個島嶼的位置對中國政府來說，也有重要的戰略價值。
　
臺灣恆更在北京與遼闊的太平洋間，若無法用『一國兩制』的手法，把它像澳門、香港那樣納入版圖的話，便無法突破美國的戰略佈署，中國海軍也會失去一個關鍵的據點。
　
因此，統一臺灣是北京外交與戰略上的首要目標。若其成為中國的成員，那麼中國將可望發展成一方霸權；但若臺灣最終沒有加入中國，則中國在世界舞台上就只能淪為配角，僅能替西方國家提供工業、製造業方面的服務。
　
因此臺灣之於中國大陸，遠比克里米亞之於俄羅斯重要太多了。
　
而北京也是臺北第一大的經貿夥伴。臺灣島2014的年度進出口總額是5955億美元，其中中國大陸就佔了1980億，是臺灣出口市場的第一大戶。
　
臺灣的歸順，可望為北京政府的經濟發展開啟一片榮景，不管是生產或投資的規模都將能拓展到全世界。
　
而事實上，全世界只有20幾個國家承認臺灣的『中華民國』政權，這些國家除了梵蒂岡以外都不大，窮困且不具影響力。
　
鑒於中國已是世界上最大的經濟體，許多國家在經濟合作的考量下，皆不承認臺灣政府。在非官方方面，臺灣的經濟與文化機構不斷與世界各國交流，但不受國際承認明顯地限制了發展。
　
在中國的保護下，強大的資源優勢將替臺灣開啟全新的局面。在新加坡的會談中，習近平已建議臺灣加入亞投行。(亞投行，乃是為了連結與歐美貿易的『一路一帶』計畫所設立)
　
但不是島上所有人都支持跟北京如此密切的合作。比方說，在馬英九要前往新加坡時，機場便聚集了不少的抗議者，隨後抗議團體還試著入侵立法院。但這些活動參加者只有約莫百人，且沒能引起更大迴響。
　
然而不久後臺灣便要舉行立法委員與行政首長的選舉。根據評論家的觀察，此次大選中，領導著泛綠陣營的民進黨，遠比當前的執政黨國民黨更有勝算。而民進黨的宗旨便是主張臺灣獨立，並減少對中國的依賴──換句話說，即是向西方集團靠攏，特別是美國這個確保臺灣現狀的擔保人。
　
而值此同時，馬英九已屆滿兩任任期，無法尋求連任。
　
民進黨的領導人蔡英文，被視為這次選戰的明日之星，並公開否定『九二共識』。而臺灣對於中國在島內的投資行動也漸有警覺。
　
接下來北京與華盛頓雙方的關係會更加緊張，且會持續很久。美國並不樂見臺灣歸屬中國，如前所述，這會為他們打開一條稱霸之路。
　
聯邦政府將會積極支持欲脫離中國的勢力；基於這樣的立場，他們會力保民進黨的候選人勝出。
　
竊以為，若台北政府真能由蔡英文執政，勢必可以拖延臺灣變成『香港第二』與回歸祖國的時間點。。
　
　
資料來源： http://izvestia.ru/news/595279#ixzz3r9aEJYJh
　
　
原作者: Станислав Хатунцев 史坦尼斯拉夫‧哈頓切夫
　
　
譯者：Shan　
　
　
※延伸閱讀：
　
【法媒】歷史性的會面
http://united-issue.com/posts/366
　
【瑞士】虛偽之握
http://united-issue.com/posts/365",Link,,,"11/11/2015 06:05:00 PM",1351,1351,0,2241,2241,0,132,6,37,3,8,38,3,110,143,16,101,18,125,0,0,,,1017,565,0,0,88,0,0,0,0,0,0,0,0,0,0
425972674207761_600642610074099,https://www.facebook.com/UnitedIssue/posts/600642610074099,"【法媒】 立法反對賣淫：外籍性工作者的合法性受到爭辯
　
U.I網頁版： http://united-issue.com/posts/362
　
經過兩年的立法程序，本月十四日，以保守黨為首的上議院(Le Sénat)通過二讀案，反對娼妓的合法化。然而，社會黨(左派)議員默德．奧力維(Maud Olivier)認為，該法案僅著重於「罰嫖與否」的規範，卻忽略針對「如何有效規範外國籍性工作者」一部分進行討論。
　
十三日週二，來自Mouvement du Nid、Mouvement d’Osez le féminisme以及Mouvement des Effrontées等女權團體的成員在上議院前為引起大眾的注目，組織了一場快閃活動，提出訴求：呼籲在法案中，應明訂「所有召妓行為都需科處1500歐元的罰金」。先前，國民議會(L’Assemblée Nationale)表決通過罰嫖之提案，卻在二讀案被上議院否決。本月七日，上議院再次否決提案，其認為，「懲罰措施將使性工作者處於一更『孤立』的狀態」。此提案將於下次會期，由議員代表提出修正案後重新討論。
　
　
『有條件地禁止性交易行為』
　
　
除此之外，「外籍性工作者無法取得合法居留證」之議題亦引發不少爭辯。法國外籍人士權益協會(La Cimade)於十三日發表公告：「在法國，百分之九十的性工作者屬外國籍，其中僅有少數持有合法居留證。政府須訂定相關措施能，才能保護性工作者，避免不肖人士從事人口販賣而從中謀取暴利。」
　
在此議題上，國民議會將訂定相關法規：「政府機關將會發給最少六個月的居留證，但申請者必須停止從事性交易，尋找其他就業機會。」換句話來說，為取得政府機關所發放之居留證，性工作者須停止接客。這似乎變相地禁止性交易行為。外籍人士權益協會(La Cimade)女性移民事務代表薇奧萊娜．胡森(Violaine Husson)大力抨擊並表示：「此措施毫無邏輯可言。依法欲在境內找工作、租屋及領有醫療社會補助，皆須持有合法居留證。在沒有收入又沒有居留證的狀況下，政府的『美意』似乎變相使性工作者生活更加雪上加霜。」
　
　
『修正案背後的隱憂』
　
　
為解決此問題，不少議員──包括綠黨(EELE)參議員艾斯德．邦巴薩(Esther Benbassa)、社會黨(PS)參議員讓．皮埃爾．高德菲(Jean-Pierre Godefroy)及共產黨(la Communiste)參議員羅倫媤．科恩(Laurence Cohen)紛紛提出修正案，為讓性工作者能維持生計，不再嚴格要求須「停止」交易行為才能取得暫時居留證。反對這項提案的人認為，若沒有嚴格要求停止性交易行為，可能會造成更多社會隱憂。外籍人士權益協會(La Cimade)在公告中表示：「若國會議員不願放寬申請條件，反而要求嚴格審查資格，我們憂心，一旦法規通 過，將助長人口販賣的情形。」
　
針對嚴格審查資格之規定，羅倫媤．科恩(Laurence Cohen)說道：「現今，法國社會對於外來移民相對敏感，覺得外國人就是來白吃白喝的，賣淫理當違法，妓女就是罪犯。」
　
就目前現有的法規，性工作者可透過跟警方合作來獲得合法的居留證。但其必須提供證據以利警方打擊人口販賣組織。不過事實上，真正從這項規定中獲益的人少之又少。根據外籍人士權益協會(La Cimade)提供的數據顯示：「在2014年，二十一萬件居留證發放案件中，卻僅有六十三件屬於此類。但在法國，卻有兩到四萬的人從事性產業，由此可知，大部分的性工作者皆不具有合法身分。」
　
　
資料來源： http://www.lemonde.fr/societe/article/2015/10/13/loi-contre-la-prostitution-la-regularisation-des-prostituees-etrangeres-en-debat_4788737_3224.html
　
　
譯者：華庭儀",Link,,,"11/10/2015 06:57:51 PM",525,525,0,905,905,0,33,,14,1,,14,1,24,31,1,23,1,30,0,0,,,703,362,0,0,32,0,0,0,0,0,0,0,0,0,0
425972674207761_600420206763006,https://www.facebook.com/UnitedIssue/posts/600420206763006,"【法媒】 歷史性的會面
　
U.I網頁版： http://united-issue.com/posts/366
　
中國國家主席與台灣總統，星期六在新加坡會面。這次會面是繼國共內戰後，兩岸相隔66年，本是敵對政體的雙方領袖首次在第三國會面。台灣海峽兩岸軍事對峙了數十年。然而在2008年親中的馬英九先生當選後，兩岸關係重新活絡起來，並在星期六會面時到達了高峰，不過這次見面帶來的結果仍難以預測。立場偏向大陸中央的環球時報指出：「這次的會面將為兩岸關係帶來『歷史性的突破』。」
　
　
習近平向馬英九表示：「兩岸都是一家人。」
　
　
馬與習在會議中相敬如賓，並針對敏感的政治議題做討論。中國認為台灣是就算使用軍事手段，也不可被分割的領土。66年前，毛澤東即發表聲明：「台灣是中國固有疆域。」
　
在馬搭機離台前，許多抗議者聚集在松山機場焚燒兩位領導人的照片，並抨擊馬英九是獨裁者、叛徒，結果共有27人被警方逮捕。抗議群眾預計在星期六下午，會面進行時在總統府前示威抗議。星期五晚上，也有一群抗議民眾高舉寫著「台灣獨立」等標語的牌子，並試圖衝進立法院。
　
　
「先生」，而非「總統」
　
　
為了避免敏感的外交問題，雙方互稱「先生」，而非「總統」。馬表示這次會面不會簽屬任何協議，或發表任何聯合聲明，以緩和國內民眾因高度關注日漸壯大的北京政府而引起的緊張情緒。
　
「台灣不是個國家。」環球日報指出：「台灣社會應該接受著個事實，並有這樣的自覺.......，任何的國際勢力，就算是美國，也不能改變這個事實。」專家則認為，雙方都難以有超出預料的舉動。不過這次會面將有助於台灣突破北京阻擋，在國際社會中展現影響力。自從1971年台灣在聯合國的代表席被中國所取代，到現在只有22個國家承認這座小島，為此台灣人憤恨不平。馬英九表示透過這次活動，台灣在國際上能有更大的活動空間。不過在國內，反對勢力認為馬的這次會面，是為了挽救明年一月總統大選國民黨低迷的選情。
　
儘管兩岸關係持續改善，中國方面卻一再拒絕馬英九希望面談的訴求。大家都在觀察到底是甚麼原因推動北京當局接受這次的會面。在中國社群網站新浪微博上，這個議題在當天也最受關注。有位網友高興地說：「這次的面談將打破兩岸之間的僵局。」另一位網友則期望：「台灣的問題應該要解決，我們不能永遠打壓他們獨立的訴求。」更有人認為：「現在不單是中國人民團結了起來，更是我們在國際舞台上發光發熱的時刻！」
　
　
資料來源： http://www.lefigaro.fr/flash-actu/2015/11/07/97001-20151107FILWWW00018-sommet-historique-chine-taiwan.php
　
　
譯者：Louis Zheng",Link,,,"11/10/2015 04:35:00 AM",660,660,0,1077,1077,0,52,,20,,,20,,39,46,7,38,7,39,0,0,,,834,456,0,0,48,0,0,0,0,0,0,0,0,0,0
425972674207761_600333826771644,https://www.facebook.com/UnitedIssue/posts/600333826771644,"【日媒】 『流』　東山彰良
　
U.I網頁版： http://united-issue.com/posts/354
　
　
對這位在台灣出生，在日本長大的作家來說，他對這本以家人經驗寫成的小說，有著特別的情懷。
　
　他的祖父曾經參與過大陸國共內戰。而他的父親，也就是本書主角的原型，出生於大陸生長於台灣，為了追尋自己的源流，兩岸往來解禁之前，他就曾經繞到法國之後進入中國。東山先生表示：「我在文壇出道後就一直想要寫祖父的故事，但也自認實力還不夠。所以在這之前，就先挑戰父親的故事。」
　
　1975年的台北，還處在歷時已久的戒嚴時期中，秋生的祖父，一個曾經參與過國共內戰的人被殺。祖父到底是為什麼，又是被誰所殺了呢──。還是高中生的秋生，在追尋答案的過程中，為自己的人生掀起極大波瀾，秋生來到了日本，又往家人源流的中國漂流而去。在這充滿青春熱能，交雜著濃密的家族羈絆，像是全速奔跑的故事當中，描寫殘存戰爭影響的社會，以及雜亂又充滿鄉愁的城市的敘述，也在人心中留下深刻印象。那也是刻印在他幼小心靈中的台灣風景。「我住的地方，是那種會有三輪機車跑在泥土地上的地方。但現在變得很漂亮，跟過去完全不一樣。」
　
　2000年，他到中國唸研究所時，在「完全沒任何準備，也沒有點子」的情況下提筆寫小說。榮獲大藪春彥獎的『路傍』(集英社文庫)等作品，在饒舌文字中混雜著諷刺與覺悟的文章，有著讓人越讀越上癮的獨特筆觸。「不是透過畫面，而是想做些只有文字才能辦到的事情。想寫出能夠震撼人心的文章」。這就是深藏在這位深愛加布列·賈西亞·馬奎斯所著的『百年孤寂』的作家心中的信念。
　
　這本書可說是挑戰祖父的故事的前哨戰，也是本傑作。當詢問他寫完時的感覺時，他穩重地回答。「身為一個作家，我感覺到似乎確認了自己現在所在的地方。」

　
資料來源： http://www.yomiuri.co.jp/life/book/raiten/20150610-OYT8T50515.html
　
　
譯者：Yuting Lin",Link,,,"11/09/2015 06:05:00 PM",643,643,0,1104,1104,0,51,,18,1,,18,1,37,39,5,32,5,34,0,0,,,675,333,0,0,35,0,0,0,0,0,0,0,0,0,0
425972674207761_599930293478664,https://www.facebook.com/UnitedIssue/posts/599930293478664,"【瑞士媒體】虛偽之握
　
U.I網頁版： http://united-issue.com/posts/365
　
　
習近平與馬英九的會面與台灣海峽的和平無關，反而是中國人自身和國民黨的利益。
　
只因為到現在從沒有發生過，就被稱作歷史性的一握？兩位中國總統在本周試著以此來寫下新的歷史。然而他們在新加坡的會面值得存疑。習近平和馬英九兩人既沒有站對等高度，也沒有促成兩個中國根本上改變的開端。兩方都強調，什麼約定也都沒有。
　
習近平的中華人民共和國寧願早一點併吞台灣，但民主的島國絕不會把手伸向他們。在這基礎之上，馬的經濟靠攏中國政策沒改變，國民黨和中國的經濟合作反而使台灣人民的不信任感增強，政府竟將人民帶往如斯的危機，他們明年一月想要連任的機會根本趨近於零。
　
台灣人根本不想被賣給中國，但這卻是北京所謀求的。習近平想在這場上演的握手秀中，壯大國民黨在明年選舉的勢力。明顯地，他們是這般害怕在台灣的對手民進黨的勝利。他不害怕接觸被北京解讀為可能不再會是總統的人。馬英九這邊是希望可以在習近平這強大的國家領導人前，展示國民黨獨特的中國競爭力。
　
至於這場會面就只是虛假。他跟宣稱的台灣海峽和平無關，而和中國與國民黨自身的利益有關係。北京現在如此試圖使從前的頭號敵人─「叛離的一省」自己變得溫順，實在是歷史的一大諷刺。
　
這一切卻沒有改變台灣人─甚至是那些親近國民黨的人─反對經由中國獨裁來奪取他們民主。至今絕大多數的人都認為這個北京想改變的民主是神聖不可侵犯的。雖然是個自我欺騙，但也成功了,人們堅持民主台灣事實上的主權，卻不堅持獨立，仍避免明確地說出不是中國的一部分，也不想成為中國的一部份，儘管中國並不沒有民主。
　
馬英九在經濟方面靠攏中國，雖然有得到其好處，但這幾年也衝撞台灣人政治認同的極限。北京的政治議程並沒使台灣人被掩蔽。民進黨因此受惠，並推出經驗豐富有人氣的蔡英文作為總統候選人，國民黨最大的困難是要找到一個可以對抗她人。先前派出在政治上無足輕重、比馬更親中的洪秀柱出來的權宜之計，使國民黨在民調中悽慘無比，後來十月中洪被剔除，先前謝絕參選總統的黨主席朱立倫自己出來選。
　
習近平跟馬英九都想藉由這次的握手來影響台灣的選舉，都想使民進黨在這場選戰中遠離勝利。這次轟動的會面，他們也把中國問題帶進了議題中心。在這議題上蔡英文迄今未清楚表達意見，而且被認為對現狀的意見含糊不清，沒進一步解釋。她在明年選舉的政見多為內政，但就算她現在在中國關係這重要的議題上明確表達立場，也不會傷到她。馬英九是相當不可能因這場和習近平的會面幫到國民黨的。
　
　
資料來源： http://www.nzz.ch/meinung/kommentare/heuchlerischer-haendedruck-1.18642348
　
　
譯者：P.Yang",Link,,,"11/08/2015 06:05:00 PM",6987,6987,0,11764,11764,0,527,15,218,31,17,220,32,341,447,159,220,164,283,1,1,1,1,1399,759,0,0,131,0,0,0,0,0,0,0,0,0,0
425972674207761_599809376824089,https://www.facebook.com/UnitedIssue/posts/599809376824089,"【日媒】 日媒對馬習會報導節錄

U.I網頁版： http://united-issue.com/posts/364
　
　
(一)中台確認「一個中國」 1949年後首次元首會面 習近平牽制獨 立派 ─ 產經新聞 20151108 【新加坡 田中靖人】
　
1.對於馬總統要求，習主席迴避具體的承諾，中台間的鴻溝再次加深
　
2.習肯定馬總統7年貢獻
　
3.雙方確認基於一個中國原則的92共識
　
4.馬總統間接要求中方尊重台灣的民主政體，並提出5點主張
　
5.針對飛彈問題習表示非針對台灣；亞投行加入問題習表示會以適當方法安排
　
6.習一再強調兩岸關係會由兩岸自行解決，牽制美國干涉
　
7.習強調絕對反對台灣獨立，目的是遷至明年極可能勝選的民進黨
　
8.馬總統在會強主張的定期元首會面在會中並未被提及
　
(二)中台元首：1949年後首次歷史會談 確認「一個中國」 達成設置熱線的共識 ─ 每日新聞 20151108 【新加坡 鈴木玲子、工藤哲】 
　
1. 雙方一再強調「中國大陸和台灣同屬一個中國」的「92共識」，牽制明年大選有優勢的民進黨
　
2.記者會上中方強調「一個中國的原則」顯示對民進黨的顧慮
　
3.經濟面上，習表明歡迎台灣積極加入中國主導的一帶一路、以適當方式加入亞投行
　
4.對避免誤解、增進政治信賴的熱線設置基本上同意
　
(三)美國歡迎中台元首會談 警戒對南海的影響 ─ 讀賣新聞 20151108
　
1..美方警戒此次會談後，中國對明年台灣選舉及南海問題上強化其立場
　
2..中台雙方對話應繼續
　
(四)中台元首會談  中媒：美國歡迎改善歷史關係 ─ 
Record China 20151108
　
1.美國務院發言人克比表示美國歡迎中台改善關係
　
2.台海的和平與安定有永續的利益
　
3.美國未改變一中原則
　
(五)中台首次元首會談 對區域安定有無幫助 ─ 讀賣新聞社論 20151108
　
1.會中一再確認一中原則的92共識，習強調要像正確方向發展；馬對現狀高度評價
　
2.中國向國內外展示對台灣問題有主導權
　
3.習對國民黨明年選情想給予側面援助
　
4.馬將中台元首對等會面作為政治遺產。不可否認2008年來經濟對中國的依賴
　
5.台灣人民對中國的恐懼，及僅有部份人民受惠的事實感到不滿
　
6.多數台灣人民希望維持現狀，會面對國民黨選情可能有反效果
　
7.在南海問題上，習藉由會面離間台日美關係顯而易見
　
8.雖然排除台灣成為亞投行創始會員，但這次歡迎台灣加入可說是對台灣顧慮的直接表示
　
9.台灣海峽的安定對日本安全保障是重要議題
　
　
資料來源：http://headlines.yahoo.co.jp/hl?a=20151108-00000037-san-cn
　
　
圖片：
http://udn.com/news/story/1/1299452-%E9%A6%AC%E7%BF%92%E6%9C%83%E7%99%BB%E5%A0%B4-%E6%8F%A1%E6%89%8B1.5%E5%88%86%E9%90%98 
　
新聞來源：(依新聞順序) 
　
http://headlines.yahoo.co.jp/hl?a=20151108-00000037-san-cn 
http://mainichi.jp/shimen/news/20151108ddm001030190000c.html 
http://headlines.yahoo.co.jp/hl?a=20151108-00050004-yom-int 
http://headlines.yahoo.co.jp/hl?a=20151108-00000010-rcdc-cn 
http://www.yomiuri.co.jp/editorial/20151107-OYT1T50092.html 
　
譯者：F.D Liling, Jr.",Link,,,"11/07/2015 10:04:10 PM",1355,1355,0,2443,2443,0,132,3,30,2,3,31,2,114,154,21,108,22,132,0,0,,,1205,601,0,0,96,0,0,0,0,0,0,0,0,0,0
425972674207761_599450096860017,https://www.facebook.com/UnitedIssue/posts/599450096860017,"【台灣】

中國國家主席習近平與台灣總統馬英九將於今天(11/7)下午於新加坡舉行歷史性會談。

這是相隔七十年，中國內戰結束後，兩岸的領導人的首次會談。

http://www.applelive.com.tw/livechannel/subject/226",Link,,,"11/06/2015 10:59:44 PM",1124,1124,0,1886,1886,0,93,,11,,,11,,90,114,28,72,32,82,0,0,,,1514,798,0,0,81,0,0,0,0,0,0,0,0,0,0
425972674207761_598380563633637,https://www.facebook.com/UnitedIssue/posts/598380563633637,"【日媒】 首相訪問中亞—中俄競爭的場所

U.I網頁版： http://united-issue.com/posts/361


◎地緣政治上重要的地方 加強和日本的經濟合作

安倍晉三首相10月22日至28日訪問蒙古和中亞五國。日本首相訪問中亞諸國已經睽違9年，而且這次是首次一口氣訪問五國。雖然中亞和日本關係較淺，但有俄羅斯、中國、美國等國在此進行地緣政治的遊戲。因此強化在此的關係有擴大日本外交幅員的重要意義。

中亞5國合起來面積約400萬平方公里，是日本的10倍大，但人口僅有約5800萬人。雖然有各種民族居住於此，最普及的宗教是伊斯蘭教，以遜尼派占大多數。

5國皆是蘇聯的一部分，蘇聯崩潰後各自獨立，很多都是威權主義或是獨裁的國家，經濟還在發展中。

地緣政治的重要性在於北方和西方由俄國、東邊由中國、南方由阿富汗、伊朗、巴基斯坦所包圍，擁有豐富的原油、天然氣，又受到伊斯蘭激進派威脅。

此處重要的行為者是俄國和中國。俄羅斯在創造俄羅斯圈上積極、設立集體安保條約機構(CSTO)、歐亞經濟同盟，有中亞各國的參與。

中國將中亞作為一帶一路構想的一部分，提倡「絲綢之路經濟帶」，當作基礎建設出發的舞台。由亞投行提供資金，

雖然中俄有時利害關係對立，現今關係正在改善，共同在中亞諸國收取利益，經營上海合作組織(SCO)、對抗恐怖主義、促進經濟合作。

即使中俄在中亞的存在感顯著，但中亞各國也利用大國的想法使經濟發展，並非一定要緊貼著中俄，顯示出強烈的獨立心。

日本自1997年橋本龍太郎首相提倡「對絲路地帶外交」以來，真正開始與中亞的外交關係。橋本首相的演說中強調與中亞5國、阿塞拜疆、喬治亞、亞美尼亞關係強化的目標，指出要強化政治對話、經濟合作和民主化合作。

2008年川口順子外向訪問塔什干起，開始持續打著「中亞+日本」名號的對話。2006年麻生太郎外相表示「讓中亞成為和平和安定的走廊」。然後就是這次安倍首相地訪問。

即使日本從中亞直接輸入原油、天然氣很困難，但能夠參與鈾等其他資源的開發，可以期待輸出與資源開發相關的設施。必須重視作為政府開發援助(ODA)供給目標的中亞。

中亞諸國基本上親日，歡迎日本強化在此的關係。日本也考量中俄的戰略，重視並且必須推進和中亞的外交。


資料來源: http://headlines.yahoo.co.jp/hl?a=20151026-00010000-socra-pol


備註:圖片: http://www.bespolka.com/bespolka%20web%20site/Central%20Asia%2002/Kyrgyzstan/Kyrgyzstan%202002-08-17.htm


譯者：F.D Liling, Jr.",Link,,,"11/03/2015 05:00:01 PM",480,480,0,787,787,0,23,,12,,,12,,15,21,,15,,21,0,0,,,619,334,0,0,22,0,0,0,0,0,0,0,0,0,0
425972674207761_596637717141255,https://www.facebook.com/UnitedIssue/posts/596637717141255,"【法媒】 歐盟即將發行全新的二十元鈔票

U.I網頁版： http://united-issue.com/posts/357


換鈔似乎變成一種傳統，自從2013年歐盟推行新的五歐元紙幣後，爾後每年都會設計發行新的紙鈔。去年，十歐元的新鈔也正式在市場上流通；而今年，歐盟宣布將於本年度十一月二十五日，二十歐元新鈔正式在歐元區裡流通。屆時在法國，民眾將於各銀行窗口以及自動提款機提領到新發行的鈔票。

法國央行表示：「為更有效杜絕偽鈔在市場流通的情形，新鈔結合了高科技的運用，增加多種防偽辨識。」如同前些年發行的五歐以及十歐元，紙鈔上印有希臘神話中「歐羅巴女神」(Europa; Europe)的畫像，代表歐盟團結一致、共同發展的宗旨。歐盟也希望藉由新鈔的發行，鞏固民眾對歐盟市場的信心。 新發行的紙鈔運用浮水印以及投影列印技術，將女神畫像印在紙鈔正面的右上角，增加防偽的功能。不僅如此，紙鈔兩側防偽條上亦加上凸出物，利於盲人或弱視患者辨認。新的鈔票將保留原鈔票的字體以及顏色，唯一不同的是，新鈔所用的塗料將與舊鈔有所不同。

僅剩約5%的十歐元舊鈔在市場上流通
新鈔的發行，是由歐洲央行(La Banque Centrale d’Europe, BCE)裡，會員國政府委員會決議。新鈔的印製則是由幾個特定國家的央行印製，之後再分送至19個歐元區中央銀行，本次估計將印製共六十五億張新鈔。

新鈔上市後，舊鈔仍可以繼續在市場上流通，但歐盟央行將逐步銷毀舊鈔，減少市場上的流通。法國央行強調，停止舊鈔流通還需要一段時間，但他們承諾會提前「告知」舊鈔的停用，不需要擔心紙鈔無法被使用的問題。就統計數據看來，2014年發行的十歐元新鈔，雖然於一年內就達到95%的替換率，舊鈔仍可使用。亦如法國法郎，多年後依舊保有其價值，可在各歐元區的中央銀行進行兌換。不過，歐洲央行卻不願透漏，這次全面更新二十歐元所需花費的總額。具常理推斷，發行新鈔所需要的花費包含：研發費、印製費以及某些提款機設備重新更新、改良的費用等等。

二十歐是全歐洲第二常用的紙幣；在法國更是有高達百分之四十的使用率，居法國紙鈔使用率之冠。

影片：法國央行(La Banque de France)日前宣布，將在兩個月內發行全新的二十元鈔票。法央行表示：「將能有效杜絕更多偽鈔在市面流動的情形。」


資料來源: http://www.lefigaro.fr/argent/2015/09/26/05010-20150926ARTFIG00016-plus-que-deux-mois-avant-les-nouveaux-billets-de-20euros.php


備註:


譯者：華庭儀",Link,,,"10/27/2015 06:00:00 PM",794,794,0,1293,1293,0,57,,19,,,19,,44,50,5,40,5,45,0,0,,,1064,607,0,0,55,0,0,0,0,0,0,0,0,0,0
425972674207761_595037130634647,https://www.facebook.com/UnitedIssue/posts/595037130634647,"【日媒】 通過安保法後的首次召開日澳2+2會議 達成新合作協議

U.I網頁版： http://united-issue.com/posts/360


■和澳洲新政權維持關係

日本和澳洲兩政府將在下個月17日於澳洲召開調整外交、安全保障方向的外相、國防部長(2+2)會議。針對澳軍次世代潜水艇共同開發、自衛隊強化合作、中國海上活動交換意見。這是9月安保法通過後，首次的2+2，日本將說明安保法，表明對區域安全貢獻的想法。

日本政府派遣外相岸田文雄和防衛相中谷元和澳洲畢曉普(Julie Bishop)外長及國防部長佩恩(Marise Payne)會談。

接受安保法、將自衛隊至於準同盟地位以便作為澳軍後方支援，預測雙方在協議中對共同訓練擴充會有一致看法。

由日德法三國競爭對於與澳軍次世代潜水挺的共同開發，日本海上自衛隊最新型「蒼龍級潛艦」性能最佳。

兩國對中國強勢的海上行動、在南海造島、建設跑道的行為表示擔憂。確認對共同同盟國美國的合作。

另一方面，與騰博首相率領今年9月組成的新內閣建構信賴關係，維持安倍晉三首相和前首相艾伯特的準同盟關係是重要課題。

安倍首相和亞太多國合作，提倡「安全保障鑽石構想」。日本和夏威夷、澳洲、印度四點形成菱形，產生「面」的抑制力，所以澳洲的參與對關係強化不可或缺。

但是，騰博是重視經濟政策的自由派，讚就任首相前的演講中描述中國是「在抗日戰爭中與澳洲是關係維持最長的同盟」，被一部分中國媒體認為是「親中派」。在組閣上，首次把積極導入日本潛水艇的前國防部長安德魯斯換成由女性來擔任。政府關係者強調這次2+2召開的意義是「有和澳洲結成準同盟的必要」。


資料來源: http://headlines.yahoo.co.jp/hl?a=20151018-00000053-san-pol


備註:圖片:http://www.businessreviewaustralia.com/technology/1832/Australia-attempts-to-increase-Japanese-tourism-with-the-GIGA-Selfie


譯者：F.D Liling, Jr.",Link,,,"10/21/2015 06:00:01 PM",417,417,0,734,734,0,12,,6,,,6,,7,8,,7,,8,0,0,,,581,291,0,0,12,0,0,0,0,0,0,0,0,0,0
425972674207761_593975634074130,https://www.facebook.com/UnitedIssue/posts/593975634074130,"【法媒】 難民潮：法國在人道與現實問題之間拉扯

U.I網頁版： http://united-issue.com/posts/358


一方面，法國政府在這波難民危機中提供額外緊急援助金；另一方面卻不排除重啟邊境管制。
本周三十六日，法國總理曼紐爾‧瓦爾(Mauel Valls)在巴黎國民議會中申明，法國對於難民危機的立場。法國將投入兩億七千九百萬歐元「歡迎」難民以及兩億五千萬歐元建造緊急住所。法國重申其願意與其他國家合作解決危機，但是並非毫無計畫的援助。總理總理不排除將效法德國，重啟邊境管制的措施。

重啟邊境管制將為法國帶來九百個職缺
法國總理表示：「法國已經在今年春天短暫實施邊境管制；基於《申根條約》(Schengen)所賦予申根國的權力，法國不排除再次於邊境重啟管制。」反對《申根條約》的聲浪將愈來愈大，重新擬定二版條約當知在即。法國共和黨(Les Républicains)濱海阿爾卑斯省(Les Alpes-Maritimes)議員艾瑞克‧斯歐提(Eric Ciotti)解釋道：「基於現況，應盡快停止《申根》並重新啟動邊境的管制。」法國總裡進一步表示：「重啟邊境管制將可以為法國帶來九百個職缺，管理邊境並且打擊非法移民。」

法國總理：不排除暫時重啟邊境管制
在決議以武力介入敘利亞內戰後，法國議會於本周三再次為是否要「歡迎」難民一事在國會有一番爭辯。法國總理於本周三九月十六號，在國會表示：「法國政府將於2016年額外投入兩億七千九百萬歐元解決這波難民危機。」這項政策，是法國總統法蘭索瓦·歐蘭德(François Hollande)承諾於兩年內將多收留兩萬四千位難民後，所宣布的措施。直至2017年，這項特別預算將高達三億三千四百萬歐元，分別用於幫助難民重新生活、提供緊急住所、社會救助以及加強行政效率上。某法國政府高層表示：「此項資助到2017年年底，加總將超過六億歐元。」

法國不排除重啟邊境管制
法國總理表示，在未來幾天、幾個禮拜這內，若有必要，法國已經準備效法德國，重啟管制，如同前些年法國在其與義大利的邊境實施管制一般。

提供九百個邊境管制職缺
總理特別提到，一旦實行管制，將可以創造九百個職缺，特別是是在邊界打擊非法移民的警力。

一年內，法國將投入兩億五千萬歐元，提供更多緊急避難所
總理也提到，一年內，法國將投入兩億五千萬歐元的特別預算，提供緊急住所以及解決老年化的問題；包含下個月將通過的一億三千萬歐元預算。


資料來源: http://www.francetvinfo.fr/monde/europe/migrants/migrants-la-france-tiraillee-entre-fermete-et-humanite_1086833.html


備註:


譯者：華庭儀",Link,,,"10/17/2015 06:00:01 PM",557,557,0,949,949,0,27,,11,,,11,,18,21,2,18,2,19,0,0,,,782,428,0,0,26,0,0,0,0,0,0,0,0,0,0
425972674207761_593129237492103,https://www.facebook.com/UnitedIssue/posts/593129237492103,"【日媒】 從美中日韓網路輿論了解對TPP內容的評論分歧

U.I網頁版： http://united-issue.com/posts/359


對於2015年10月7日談判達成締結環太平洋經濟合作夥伴協定(TPP)的共識，協定參與國日美及未參加的中韓各自國內的網路使用者有各式各樣的意見。

TPP的目的是制定關於包含美日澳共12國間貿易規則和廢除關稅，其貿易比例大約佔世界經濟的百分之四十。美國總統歐巴馬在聲明中指出：「不能讓如中國這樣的國家來決定世界經濟的規則。必須由我們來制定，並打開美國商品的新市場。」安倍首相也強調：「不僅日本，對於亞太的未來也有重大成果。」

未參加TPP談判的中國和韓國在今年6月簽署對抗TPP、亞洲經濟整合核心的自由貿易協定(FTA)，預計今年內生效。中國對TPP排除中國判一事強力警戒；另一方面韓國則是一面檢視優劣，一面表明加入協議的意圖。

針對TPP達成共識報導，中國網路使用者有提出「所謂TPP到底是甚麼？」「根本沒聽過中國領導人說過關於TPP的事」這類顯示「資訊不足」的聲音之外，也可以看到「中國必須自己建構秩序」「中國不要加入TPP比較好，和周邊國家單獨締結FTA、建立和俄羅斯、歐盟的關係，走出自己的道路。」如此支持政府蜂針的評論。

對此日本網友除表示「看到中國的評論就可以理解中國對TPP甚麼也報導」，也有認為「至少中國和TPP參與國的貿易將變成不利的情況」。另外中國網路上對「將會動搖亞投行(AIIB)」的看法有「無論TPP是否達成，AIIB已經完全陷入僵局」的想法。

奇妙的是在國內有出現「可能變成環太平洋經濟落後者」「應該盡早加入TPP」反應的韓國。然而，網民之間「參加TPP的話，將會無法和中國簽FTA 」「美國一直都是日本的夥伴」「如果韓國能和中國合作就好了」等反對加入TPP的意見很強烈。美國網路意見也很意外，「如此美國失業將更嚴重」「經濟上的不公平和大企業的權力將會擴大」等評論引人注目。（編集/長澤）


資料來源: http://www.recordchina.co.jp/a120628.html


備註:原標題:從美中日韓網路輿論了解對TPP內容的評論分歧：美中反對、批判聲浪強；表示「決定了就沒辦法」的日本及動搖的韓國 


圖片: http://www.recordchina.co.jp/p120628-1.html


譯者：F.D Liling, Jr.",Link,,,"10/13/2015 06:00:01 PM",521,521,0,838,838,0,22,2,10,1,3,10,1,13,14,3,10,3,11,0,0,,,573,327,0,0,18,0,0,0,0,0,0,0,0,0,0
425972674207761_591161941022166,https://www.facebook.com/UnitedIssue/posts/591161941022166,"【法媒】 難民潮危機：德國決議恢復邊境管制

U.I網頁版： http://united-issue.com/posts/355


不斷湧入的難民讓柏林當局決定暫時恢復邊境管制，藉此施壓給鄰國，不想一肩扛起所有責任。
德國政府於九月十三日最新決議，將不再「敞開大門」歡迎這波難民，他們重申將「暫時」恢復邊境管制，中斷申根條約中自由進出之條款，以控制大量湧入的難民。此項措施將帶給歐洲更大的傷害與危機。

為甚麼要恢復邊境管制？
在八月底，柏林當局曾決議，不再遣返因戰亂受迫害，欲尋求庇護的難民(特別是敘利亞難民)。但一個月以來，大量且急速湧入的難民，一波接著一波，讓德國不堪負荷，決議重啟邊境管制。光是慕尼黑──從奧地利往德國主要的入口城市──在兩個禮拜以內就已經收留六萬四千個難民；而德國今年卻只預計收留八十萬個尋求庇護的難民。

德國副總理西格瑪爾·加布里爾(Sigmar Gabriel)認為德國已經達到「收留難民」的能力極限。他向德國媒體表示：「難民的人數不是最大的問題；難民湧入的速度讓各個省、各個城市應付不急，增加作業上的困難度。」幾乎所有慕尼黑的緊急庇護所都已客滿，許多難民被迫露宿街頭。柏林當局因此決議重新恢復邊境管制，加派警力在奧德的邊境上，以減緩湧入的速度。這項措施將持續數周。為因應此項決策，德國國家鐵路公司(Deutsche Bahn)也罕見短暫停駛來往奧國的火車，不過於本周一已恢復正常通車。

根據《都柏林公約》，難民必須在進入第一個歐盟會員國就申請庇護──通常是義大利或者希臘。先前德國為了表示對於難民的歡迎，片面終止這項協定。而如今由於難民潮湧入的速度跟數量讓德國已不堪負荷，因此決定重新恢復公約，希望歐盟各會員國能夠共同分攤難民。

為達成共識，歐盟各會員國再次於布魯塞爾召開緊急會議，德國試圖向會員國施壓。特別針對東歐會員國成員，其作為歐洲的門戶，拒絕接受歐盟執委會(la Commission européenne)之「會員國須接受難民庇護申」的決議。除此之外，會議中也討論到應加強條約中的規定：難民首先到達的國家須為難民登記。希臘政府放行難民越過其國境到達緯度更高的國家尋求庇護；而沒有在難民到達時即替難民進行登記。亦如匈牙利，面對大量湧入的難民，沒有先登記而是放任其前往奧地利與德國。

從政治角度來看，德國總理安潔拉‧梅克爾(Angela Merkel)下的這步棋是為了討好多數的在野黨，減緩近日來的內部紛爭。

歐盟的法律怎麼規定的？
根據歐盟申根條約(Schgengen)，在申根國內的成員間，除特殊情況外，所有人員交通皆可自由進出來往，不能設立邊境管制。目前共有26國參與此協議，其中包含22個歐盟會員國(保加利亞、羅馬尼亞、賽普勒斯、克羅埃西亞、愛爾蘭以及英國並未參與申根協議)以及四個非會員國，包含冰島、烈士支敦、挪威和瑞士。 西元1990年簽署的申根條約(Schgengen)中第二章第二節的附帶條款中提到，若確認是在受「安全威脅」或者「申根國外的情況將對申根國帶來危險」的情況下，可以行使恢復邊境管制之權力，確保國家安全。因此，雖然條約上明訂申根國之間不能設立國界，基於特殊條情況，申根國仍有恢復暫時邊境管制的權力。德國這次違反條約，為了減緩難民的湧入，在其與奧國的國界恢復管制，並且決議延長至六個月，乍看之下似乎沒有違反合約附加條款的規定。

《建立歐洲經濟共同體條約》(TCE，亦稱《羅馬條約》)第78節亦提及若遇到「大量第三世界國家的居民突然地湧入歐洲」之狀況，歐盟理事會(Conseil européen)需經歐盟議會(Parlement européen)決議後，裁決送交歐盟理事會(La Commission européenne)進行表決。

恢復邊境管制先例
德國並非第一個私自恢復邊境管制的簽署國。法國於西元1995年因巴黎炸彈攻擊也曾暫時恢復邊境管制；而2011年阿拉伯之春爆發，大量利比亞與突尼西亞難民湧入義大利，羅馬當局為此開放難民進入義大利，提供暫時的庇護，法國為此重新恢復義法國境的管制，卻意外引發了一場外交的紛爭，其中包含德國在2015年5、6月的G7高峰會議中與法國的角力。


資料來源: http://tempsreel.nouvelobs.com/monde/migrants/20150914.OBS5756/refugies-pourquoi-l-allemagne-retablit-les-controles-a-la-frontiere.html


備註:


譯者：華庭儀",Link,,,"10/06/2015 06:00:01 PM",726,726,0,1148,1148,0,55,,20,,,20,,42,44,2,40,2,42,0,0,,,928,553,0,0,51,0,0,0,0,0,0,0,0,0,0
425972674207761_589522631186097,https://www.facebook.com/UnitedIssue/posts/589522631186097,"【日媒】 韓媒：韓國以美中間的平衡外交給北韓壓力

U.I網頁版： http://united-issue.com/posts/349


環球時報(電子版)報導：2015年8月28日據韓國國民日報，韓國朴槿恵總統決定參加中國抗日戰爭勝利70年周年紀念典禮，韓國的戰略將產生改變。

身為美國盟國的韓國將參加中國重要的軍事活動是前所未有的。可以推測韓國在美中間採取平衡外交，想給予北韓壓力。

韓國國內這樣：的看法雖然朴政府「靠向中國」，但實際上紀念典禮是不得不出席。中國邀請函國參加典禮，向韓國領導人展示最先進武器是過去沒有的待遇。另一方面，中國並未對於北韓金正恩第一書記將不出席典禮的資訊多加評論。對於韓國而言這次是千載難逢的機會。要解國北韓核武問題中國的幫助是不可欠缺的。擴大中韓「蜜月關係」有其必要。

朴總統為了向北韓施加壓力，因此參加紀念典禮。北韓方面雖然勞動黨和軍方幹部將出席，但應該不及韓國的表現。（翻訳・編集/大宮）


資料來源: http://headlines.yahoo.co.jp/hl?a=20150829-00000046-rcdc-cn


備註:圖片: http://headlines.yahoo.co.jp/hl?a=20150829-00000046-rcdc-cn.view-000


譯者：F.D Liling, Jr.",Link,,,"10/02/2015 06:00:00 PM",547,547,0,889,889,0,28,,8,,,8,,22,26,1,22,1,25,0,0,,,752,435,0,0,28,0,0,0,0,0,0,0,0,0,0
425972674207761_588062801332080,https://www.facebook.com/UnitedIssue/posts/588062801332080,"【法媒】 「水鏡」，讓法國城市更添風采！

U.I網頁版： http://united-issue.com/posts/353


「魔鏡阿魔鏡！告訴我誰是世界上最美的城市！」
提到世界上最著名的水鏡，不難馬上想到位於印度阿格拉(Agrâ)泰姬瑪哈陵(Taj Mahal)。在法國，波爾多(Bordeaux)、蒙彼利埃(Montpellier)、巴黎(Paris)等城市為了增添其文化建築遺產的風采，亦特別設置了「水鏡」。這個月，位於法國西部大西洋盧維瓦省(Loire- Atlantique)的南特(Nantes)，一座新的水鏡落成，供民眾休憩欣賞。

南特，曾被喻為「西方威尼斯」，如今一座全新完工的水鏡坐落於1930年代魯瓦河(La Loire)的支流流域，面對著布列塔尼(Bretagne)公爵宮殿。南特政府花費三百二十萬歐元，在占地一千三百平方公尺(0.13公頃)的土地上，打造平行四邊形構成的水鏡，並且設置了200個噴霧器孔以及32個水柱孔，在夜間更以LED燈光照射，點亮水鏡。

南特市長喬安娜‧荷隆(Johanna Rolland)解釋道：「如今我們有了水鏡，就像替城市蓋了一個象徵性的地標，如城市的入口一般坐落於城堡的山腳下、魯瓦河舊河床上。水鏡工程是經過南特市民共同商討而成的，就此還凝聚了市民對城市的向心力。」

介紹完南特的水鏡，我們將鏡頭拉到位於法國西南部的城市，波爾多(Bordeuax)。這個城市的水鏡是世界上最大的水鏡，同時也是法國最著名的水鏡。超過十年的光景，紀隆德省(La Gironde)首府波爾多提供居民以及遊客一個佔地三千四百五十平方公尺(約0.34公頃)的水鏡廣場休憩；廣場上還會定時噴出高達兩公尺的人工霧氣，讓民眾好不享受！

水鏡廣場不但為城市帶來一番新的氣象，廣場旁的建築物也於2007年正式列入聯合國教科文組織世界文化遺產(UNESCO)。沿著加龍河畔(La Garonne)，綿延四公里長的水鏡，是波爾多市長阿蘭‧酋博(Alain Juppé)聘請風景設計師米歇爾‧卡哈酋(Michel Corajoud)設計建造。

程式規劃負責人費加洛‧伊莉莎白‧都騰(Figaro Elizabeth Touton)表示：「水鏡是波爾多的城市地標，她為這個城市添增一股新氣象，讓歷史活了過來。如今這裡已經成為民眾、遊客休閒的好去處，閒來無事，坐在水鏡旁，享受一個優閒的午後時光。」

再將鏡頭拉到法國南部的蒙彼利埃(Montpellier)。從2013年啟用至今，水鏡坐落於多為現代化建築的瑪麗亞港區(Port Marianne)；史蒂芬‧艾斯(Stéphane Hessel)廣場前。由建築師馬克‧勒曼(Marc‧Lehmann)設計，共計花費一百一十萬歐元。然而，相較於南特以及波爾多，蒙彼利埃的水鏡就相形見色許多了！

而在首都巴黎(Paris)，唯一一個重新整修開放的水鏡於共和廣場(La Place de la République)，占地僅僅兩百七十平方公尺，卻仍吸引不少遊客與居民。

據了解，下一個會擁有水鏡的城市將會是博韋(Beauvais)。此水鏡將占地六百平方公尺，於市政府廣場前(Hôtel de Ville)，為博韋市注入一股新氣象！

最後，鏡頭重新拉回到印度泰姬瑪哈陵上。完工於十七世紀的宏偉建築，搭配廣場前的水鏡，泰姬瑪哈陵的倒影落在水鏡上，令人感到嘆為觀止！除此之外，位於紐西蘭的基督教會藝術中心(Christchurch Arts Centre)以及西班牙格拉那達(Granada)的阿達布蘭宮(Alhambra)也都同樣有一片水鏡，照應著百年古蹟的華麗與宏偉。


資料來源: http://immobilier.lefigaro.fr/article/ces-miroirs-d-eau-qui-embellissent-les-villes-francaises_eb27ce14-556e-11e5-80a8-48082a90b899/


譯者：華庭儀",Link,,,"09/29/2015 06:00:00 PM",546,546,0,866,866,0,28,,10,,,10,,22,24,3,19,3,21,0,0,,,713,430,0,0,28,0,0,0,0,0,0,0,0,0,0
425972674207761_588062724665421,https://www.facebook.com/UnitedIssue/posts/588062724665421,"【法媒】 歐洲頭條：土耳其海灘上驚見一具敘利亞難民浮屍

U.I網頁版： http://united-issue.com/posts/351


周一九月三日，歐洲各報章頭版皆刊登同一張照片：一具孩童的屍體擱淺在土耳其外灘上。
在英國，包括《獨立報》、《衛報》、《倫敦時報》、《每日郵報》等主流報紙都不約而同，大篇幅地刊登此張讓人震驚的照片於當天的頭條版面。男童設法冒險跨越地中海，登陸歐洲，卻不幸溺斃，屍體面朝下擱淺在土耳其的沙灘上。其中，《獨立報》更是以幾乎全版的畫面刊登這張照片，並在下方寫著「某個人的孩子」作為該報的頭條標題。此外，就連英國小報《太陽報》近日也刊登一系列關於歐洲難民潮的沉重報導。而亦有媒體選擇另一張同樣具諷刺意味的照片──孩童的屍體被一名土耳其搜救人員「撿」起。

英國報社控訴：「若一張敘利亞兒童難民溺斃擱淺，如此震撼的照片都無法改變歐洲面對難民潮的處理態度，不知道還有甚麼才能讓我們正視此事？」希望歐洲政府不要再漠視如此的人倫悲劇發生在我們眼前。

《獨立報》在自家的網站解釋道：「我們選擇這張照片是因為，若單用文字來報導，並不能達到夠深的影響力，這件事情的嚴重性很快就會被人遺忘。問題不但不會解決，難民也不能脫離危險、絕望的處境。」

根據媒體報導，照片中這個敘利亞小男孩的家人因為國家連年處於內亂之中，他們決定設法經土耳其，輾轉登陸到希臘。小男孩年僅五歲的哥哥是家中長子，後來也被人發現陳屍在岸邊。據統計，九月二號共有十一具屍體被丟棄在海中，其中包括三個小孩與一位女人。土耳其海巡署指出，兩艘載有敘利亞難民的船隻，分別於周二及周三晚間由土耳其沿海城市博德魯姆〈Bordrun〉出發前往歐洲大陸，但途中不幸翻船。

歐洲各國也紛紛以頭條等方式報導此事件，十足彰顯了媒體的「第四權」，將最真實的畫面呈現在大眾眼前。

比利時法語報社龍頭《比利時晚報》〈Le Soir〉，其編輯群相信，媒體有必要將事情如實呈現，如同這次的難民潮所造成的人倫悲劇一樣，要讓大眾了解並進一步促使政府有所作為；其他比利時日報也相繼刊登相關的報導；義大利《共和日報》〈La Repubblica〉於推特上發表：這張相片讓眾人都噤聲了；西班牙《國家報》〈El País〉將此事件形容為「移民的悲歌」；《西班牙日報》則是用「沈船」一事，將現在的歐洲形容為「遇難的歐洲」；美國《紐約時報》官網文章亦特別提及，這張照片引發的迴響，可能形成一股輿論力量，迫使國際組織介入敘利亞的內戰，終止三年多來的浩劫。

人權觀察組織〈Human Rights Watch〉危機處理組主任彼得‧布嘉艾爾特〈Peter Bouckaert〉於個人推特文章《漠視》中說道：「某些人認為媒體刊登照片，過於草率行事，造成社會觀感不佳。但諷刺的是，事情的焦點應是『孩童溺斃後擱淺在沙灘上』而非刊登照片與否。若早先能有所積極作為，就能避免這次的悲劇。」他亦提及到，在照片公布後，歐洲聯盟將在九月十四日的緊急會議中討論，並做出回應。周三，推特上「人權擱淺」〈KikiyaVuranInsanlik〉已成為當日轉載率最高的關鍵字。

後記： 於本周三下午，本報社網站〈Le monde.fr〉刊登了此事件的影片報導。隔日，亦將此照片刊登於當日頭版，並且加入了本社社長所撰之文章《睜大眼，別再漠視》〈Ouvir les yeux〉


資料來源: http://bigbrowser.blog.lemonde.fr/2015/09/03/la-photo-dun-enfant-mort-sur-une-plage-turque-a-la-une-de-la-presse-europeenne/


備註:


譯者：華庭儀",Link,,,"09/23/2015 06:00:02 PM",479,479,0,746,746,0,33,,7,,,7,,29,32,,29,,32,0,0,,,638,392,0,0,32,0,0,0,0,0,0,0,0,0,0
425972674207761_586019661536394,https://www.facebook.com/UnitedIssue/posts/586019661536394,"【法媒】 歐盟會議最新決議：提供五億歐元的農業緊急援助金

U.I網頁版： http://united-issue.com/posts/352

九月七日，歐盟各國首長於總部布魯塞爾召開緊急會議，共同決議將額外提供28個會員國第一級業五億歐元的緊急補助金。這項政策最大的受益者是畜牧業者。

歐盟表示：「俄國對歐盟的反制裁，造成農產品價格大跌，針對各國的第一級產業提供緊急援助金以減緩衝擊，也將提供更多協助給以第一級產業為主的國家。」

法國農業生產者工會(FNSEA, Fédération nationale des syndicats d’exploitant agriole)主席沙維耶‧柏蘭(Xavier Beulin)指責政策不盡完善，近水就不了遠火，只是提供補助金，雖能短暫解決問題，但農產品價格仍未獲得改善。他表示：「因環境、政策──特別是歐盟對俄羅斯的禁運制裁手段──等外在因素造成的農業損失，皆未獲得補償，只有提供補助金並不能根本解決問題。」周一柏蘭先生也參與了農民抗爭，於布魯塞爾歐盟總部附近，一同與農民聯合走上街頭向歐盟政府施壓，提出他們的訴求。

近來全球的農業正面臨嚴重的危機。其中，牛乳因生產過剩，市場價格大跌，畜牧業遭逢重大打擊。歐盟共同農業政策(La Politique Agricole, PAC)因此提供補助金給28個會員國以降低傷害。而先前歐盟從2014年夏天以來，亦為了減緩俄羅斯的禁運政策所帶來的農業衝擊，提供二億二千萬歐元的補助金給農業生產者。
歐盟基金的應用

在共同農業政策架構之下，歐盟會員國每年所能生產的牛奶量是配額受制的。若生產超過配額，必須繳納高額的罰款。2014年度部分罰款將用來補貼2015年的農產，剩餘的部分全數納入歐盟基金裡。雖然歐盟在農業上的預算佔總預算的百分之三十八，但相較於其他危機，如金融危機等，歐盟對於農業危機的處理態度相對不積極，好比這次的難民潮一樣，反應慢半拍。

因為外在環境的因素，歐洲出現嚴重的農業危機，特別是俄羅斯從2014年八月以來對歐盟進行反制裁，包括奶、肉產品的禁運，歐盟政府為此決議啟動緊急援助金減緩衝擊。

法國農業業者要求與俄國談判協商，解除部分產品，如豬肉內臟的禁運。不過歐盟表示對外態度應該團結一致，得以共同制裁俄羅斯；他們不允許會員國有個別的政策，禁止會員國與俄國當局私自擬定合約。

由於歐盟共同農業架構下的「共同價格條例」(Prix l’intervention)，法國、西班牙、義大利等歐盟會員國希望能取消對牛奶價格干預，讓價格能夠隨著市場供需進行調整。歐盟委員會副主席於爾基‧卡泰寧(Jyrki Katainen)表示：「干預牛奶的市場價格將不會彌補競爭下帶來的不平等，而是製造一個『出口市場』，讓各會員國都能出口至少百分之十的奶製品，提高其在國際市場的競爭力。」

歐盟政府根據「共同價格條例」，干預市場機制，控制產品價格，亦是為了確保生產過剩時歐盟有足夠的能力收購產品。目前牛奶的價格被定在每公噸220歐元，遠低於市場目前的供需價格。

資料來源: http://www.lemonde.fr/europe/article/2015/09/07/la-commission-europeenne-propose-500-millions-d-euros-d-aide-d-urgence-pour-les-agriculteurs_4748302_3214.html


譯者：華庭儀",Link,,,"09/16/2015 05:30:01 PM",453,453,0,713,713,0,27,,12,,,12,,18,19,2,16,2,17,0,0,,,607,366,0,0,26,0,0,0,0,0,0,0,0,0,0
425972674207761_585070654964628,https://www.facebook.com/UnitedIssue/posts/585070654964628,"【日媒】 戰後70年的談話 擔憂中國、幾乎無視韓國 言論的背後是…

U.I網頁版： http://united-issue.com/posts/345


安倍晉三首相14日發表戰後70年的談話中，提到「侵略」「支配殖民地」「歉意」「反省」等關鍵詞，展現對中國和韓國等一定的考量。不過，對這兩國的言論卻帶有一些微妙的色彩。頻繁表現出對中國顧慮的另一面，是對韓國近乎無視。似乎是撇開對於慰安婦問題爭論不休朴瑾惠總統不談。

「從亞洲的國家開始，希望作為多國共同編織未來夢想的基礎。」

安倍首相在14日發表談話的記者會上如此強調。

發表談話之後，歐巴馬政府在同日發表聲明，對於(日本)二戰的反省和歷代政權談話的傳承表示歡迎。

美國國安會(NSC)的普萊斯發言人在表明聲明中確認「日本有對世界和平和繁榮攻陷的意思」的看法，給予「70年間實踐和平、民主主義、法治，是所有國家的模範」的評價。

詳看談話內容，可以明白對於中國的強烈擔憂。

專家會議---「21世紀構想懇談會(註)」對於首相發言的報告書中寫道：委員多數的意見是「九一八事變(満州事変)後擴大對中國的侵略」，在談到「九一八事變」這個專有名詞後，要提到「走向戰爭的道路是錯誤的」。

此外，它繼續描述到：「作為戰場的中國、東南亞、太平洋小島等區域，因為戰鬥還有飢荒等造成眾多無辜居民的痛苦」、「嚐盡戰爭痛苦的中國人們」。

另一方面，對於韓國的發言就相較不熱切。

雖然明載「永遠和殖民訣別」，「日韓合併」等歷史事件並未提及。「韓國」這個專有名詞也只有在「東亞的國家、台灣、韓國、中國等，作為鄰居的亞洲人所走過可難的歷史」這句話中出現。

安倍首相在今年2月發表施政方針的言論中也再三斟酌對中國和韓國的應對。

去年1月的施政方針中沒有對中國使用的「友好」一詞，在去年秋天的政策演說使用；相對的，並未將韓國包含在「共享基本價值和利益」所列舉的國家中。

其背景是日韓對於解決慰安婦問題僵持，與兩國家的進展背離，對韓國充滿不信任。

朴槿恵總統15日在從日本統治中解放朝鮮半島的70年紀念「光復節」典禮上發表演說。對於安倍的發言，指謫「令人不滿意的是，(言論中)所缺少的部分正視事實」，一方面表示「若日本歷代內閣的立場今後將不會動搖，我們會繼續關注這些國際社會都明白的事。」

韓國媒體嚴厲批評：70年談話沒有明示日本殖民和侵略的行為，也只是在過去表達歉意。朝鮮日報(電子版)對於首相針對戰爭進行所表示的「一再痛徹心扉的反省、發自內心的歉意」，寫到「到現在也只是說說」。首爾新聞15日早報頭版就下了「沒有誠意 “過去式的謝罪”」這樣的標題。

另一方面，也有「提到反省和歉意，是有意義的談話」的評價(韓國執政黨新世界黨發言人)，70年談話對動搖韓國國內意見有一定的效果。


資料來源: http://headlines.yahoo.co.jp/hl?a=20150815-00000016-ykf-soci


備註: 
(註) 
21世紀構想懇談會：針對戰後70年首相發言的內容，由首相、專家等人進行的會議。 

圖片:http://www.theguardian.com/world/2015/aug/14/shinzo-abe-japan-no-new-apology-second-world-war-anniversary-speech


譯者：F.D Liling, Jr.",Link,,,"09/13/2015 06:00:00 PM",544,544,0,886,886,0,42,,13,,,13,,32,35,2,30,2,33,0,0,,,758,433,0,0,39,0,0,0,0,0,0,0,0,0,0
425972674207761_580961872042173,https://www.facebook.com/UnitedIssue/posts/580961872042173,"【俄媒】 從香蕉售價看盧布貶值的漲價衝擊
　
U.I網頁版： http://united-issue.com/posts/350
　
隨著國際石油價格繼續下跌，以及歐美持續不斷的經濟制裁，俄羅斯貨幣──盧布的幣值從去年年初起便不斷下跌，歐元兌盧布的比值，各在今年二月與八月初都跌破了70大關。
　
幣值下跌，除了衝擊金融產業與政府預算外，更對民生必需帶來無可避免的影響；原來已漲聲連連的各項生活必需品，近來再度傳出漲價聲浪。
　
這其中又以俄羅斯沒有生產、必須仰賴進口的產品狀況最為嚴重，想當然爾，如香蕉，這種盛產於熱帶與亞熱帶地區的農產品，自然是這波漲價中首當其衝的頭號商品。
　
＝＝＝＝＝＝
　
《消息報》(ИЗВЕСТИЯ)：水果零售價從39~40盧布上漲到50~55盧布
http://izvestia.ru/news/590567
　
根據《消息報》的分析部門統計，由於美元兌盧布幣值持續上漲，俄羅斯境內的香蕉平均售價已從1公斤39~40盧布上漲到了50~55盧布。
　
「所有的物價都上漲了。這造成了很嚴重的問題。消費者會感覺自己能擁有的東西變少了，而人民的實質所得當然也降低了。國產的蔬果處境相對好一些，它們受美元增值的影響並不大。然而進口商品──尤其是我國沒有生產的蔬果──的價格波動就非常明顯。」《消息報》的分析部門主任米海爾‧布明斯特洛夫(Михаил Бурмистров)表示。
　
「長久以來零售商都力保香蕉價格不受幣值波動影響，根本是賠本在賣。」
　
「兩個月前當幣值開始變動時，香蕉依然維持在1公斤39盧布，但現在還是漲到了50~55盧布。」
　
據其所言，根據統計1公斤的香蕉售價應該是0.9美元，若計算起匯率的話，每公斤香蕉的價錢早就超過60盧布。(根據央行於8月28公布的匯率，美金:盧布=1:67.45；而6月30時的匯率則是1:55.3)
　
而在《消息報》的報導中也講到，進口蔬果對匯率變動的風吹草動相當敏感，購物網站上的售價最多只會維持2~3週不變。
　
另一方面，“蔬果進出口與生產協會”(АПИЭФО)則出面喊話，表示蔬果產品的定價本來就非常不穩定，現在的價格漲幅只是基於正常合理的供需法則──蔬果在冬季的需求本來就比較高，尤其在接近新年、民眾購買年節禮物時更是如此。
　
然而，2015年1月的香蕉價格跟2014年1月時相比上漲了48%，來到1公斤70.8盧布；而每公斤的香蕉價格，更是從2000年以後便沒有超過70盧布。
　
＝＝＝＝＝＝
　
《消息報》：供應商告知零售業者將調漲10%價格 http://izvestia.ru/news/589986
　
而在《消息報》的這則報導中表示，俄羅斯的連鎖零售業者，已經紛紛收到供貨商的通知，表示貨品的批發價將全面上漲約10%。此外業者也和供貨商們談妥，日後審訂批發價的作業期將從45天縮短到14天。業者表示，這是為了因應現今幣值的劇烈震盪，縮短審訂期才可可更靈活地做出因應。而會受到影響的商品，則包含麵包與穀物製品、蔬菜、水果、酒類，以及如清潔劑等日用化學用品。
　
「許多DIXY的供應商都已經宣布將售價調漲了10%，這全都是起源於現在的貨幣波動。而受影響最深的就是進口酒類、蔬菜、水果還有日用化學製品。」俄國購物網站“DIXY”(ДИКСИ)的公關經理葉卡捷琳娜‧庫曼尼娜表示。
　
但其隨後也表示，目前的漲幅其實都還是跟季節性的變化有關，尤其蔬果都還在控制範圍內。
　
而購物網站“Ashan”(Ашан )則表示，目前只收到了日用清潔劑及穀物製品的批發價調漲通知。。
　
「若是供貨商真的調漲清潔用品跟穀製品的價格，Ashan會採取所有必要的措施來避免產生負面影響。」Ashan Russia的公關經理瑪莉亞‧庫勒諾索娃(Мария Курносова)表示。
　
而“食品製造供應商協會”的主席狄米特里‧瓦斯特里科夫(Дмитрий Востриков)則表示，雖然進口商品都被迫漲價，但多是麵包、蔬果這類存放期限短的食品，而茶葉、咖啡則因存放期限較長，雖然有80~85%會受到外匯波動影響，但對民眾衝擊性相對較小，因為很多人在價格『還比較優惠』時就已經買好了庫存。
　
＝＝＝＝＝＝
　
《塔斯社》( ТАСС)：洋酒進口商“Simple”自9月1號起將調漲15~20%的酒價
 http://tass.ru/ekonomika/2206045
　
此外不只一般的日用必需品，其他進口食品如洋酒、甜點，也深受盧布貶值影響，實際所得縮減讓民眾減少不必要的開支，使得酒精飲品買氣大為受挫。
　
在《塔斯社》的這則報導中，俄羅斯菸酒進口商“Simple”公司的總裁馬克辛‧卡敘林(Максим Каширин)，於8月24號在廣播節目“莫斯科之聲”上表示:「我們提高了15~20%的售價，因為這是消費者還可接受的漲價範圍。雖然實際上，如果考慮歐元跟美元的漲幅，酒的售價應該要漲到50%才對。我認為這是很艱困的時刻，所有的進口商品都會漲價。」
　
「顧客們的消費模式改變很多。大概是因為貨幣貶值吧，大家開始減少購買非生活必需品，而將消費縮減到最小的合理範圍內。」
　
＝＝＝＝＝＝
　
《塔斯社》( ТАСС):：上半年度的巧克力進口量下跌二分之一
http://tass.ru/ekonomika/2212455
　
而在塔斯社的這則報導中則寫到，因為民眾普遍減少開支、加上售價不得不調漲，導致巧克力與相關產品的進口量大為減少。
　
俄羅斯關務局表示，2015年上半年度的巧克力與巧克力製品進口量為209萬8千噸，而2014年同期的進口量則是501萬7千噸。2015年上半年巧克力進口額是1億600萬美金，而2014年則是2億4600萬美金。
　
　　
　
譯者&amp;整理者：Shan",Link,,,"09/02/2015 06:30:03 PM",333,333,0,536,536,0,15,,4,,,4,,13,14,,13,,14,0,0,,,467,270,0,0,15,0,0,0,0,0,0,0,0,0,0
425972674207761_580058692132491,https://www.facebook.com/UnitedIssue/posts/580058692132491,"【日媒】 俄國總理上択捉島 岸田外相本月訪俄延期
　
U.I網頁版： http://united-issue.com/posts/347
　
　
【莫斯科 黒川信雄】俄羅斯梅德韋傑夫總理22日搭乘飛機進入北方領土・択捉島。俄羅斯政府加速在北方領土的基礎建設和加強軍備，目標在於誇耀實際支配的事實。日本政府原本希望俄羅斯普欽總統在今年訪日，因為此事必定受到影響。
　
梅德韋傑夫在他2010年11月身為總統時，以舊蘇聯、俄羅斯國家元首身分首次登上北方領土・國後島。2012年7月以首相身分再次登上同一座島，這次是第三度登上北方領土。
　
梅德韋傑夫出席在択捉島上針對青年由俄羅斯政府所主辦的愛國活動，以視察基礎建設為目的等島。據俄塔社，梅德韋傑夫在活動上發言：「關於在択捉島和國後島設置經濟特區，已經和庫頁島州長(實際管轄北方領土)協議。」在其視察的機場承諾會為改善設備出資。
　
梅德韋傑夫在現場對記者團說：「雖然想與日本友好，但島是俄國的一部份，(日俄關係和島)並沒有任何關聯。今後也會拜訪日本。」其後又說：「擁有近代戰鬥力的部隊是必要的。」
　
俄國外交部22日主張擁有北方領土的主權「是二次大戰後廣泛被接受的」，批評日本政府對總理登上択捉島的抗議行為。 
　
政府22日對梅氏進入北方統的行為抗議，岸田文雄外相將延期原預計8月底進行的訪俄。評估並沒有和俄羅斯冷靜進行談判的環境。安倍晉三首相一直期望普欽總統在今年訪日，但現實是情勢變得更加困難。
　
22日晚上對駐日大使阿凡那謝夫(Afanassiev) 相外務省「俄國和日本對北方四島的立場背道而馳，對傷害日本國民感到極度遺憾」的發言，岸田表示抗議。阿凡那謝夫同日反駁外務省歐洲局長林肇的電話抗議，表示「誰要去我們自己的島是我們的自由。」
　
岸田22日晚上針對普欽訪日，在外務省對記者團表示「即使元首間有共識，甚麼也都沒有做出決定。這是從多種觀點總和討論的議題。」，表明應該思考現實面的目標。
　
　
資料來源: 
http://headlines.yahoo.co.jp/hl?a=20150823-00000025-san-eurp
　
　
圖片來源:http://headlines.yahoo.co.jp/hl?a=20150823-00000025-san-eurp.view-000
　
　
譯者：F.D Liling, Jr.",Link,,,"08/30/2015 10:15:01 PM",468,468,0,793,793,0,29,,7,,,7,,22,24,3,20,3,21,0,0,,,684,374,0,0,28,0,0,0,0,0,0,0,0,0,0
425972674207761_578538625617831,https://www.facebook.com/UnitedIssue/posts/578538625617831,"【奧地利媒體】年輕人對政治的想法：「別把錢花在小綠人上」
 　
U.I網頁版： http：//united-issue.com/posts/346
　
在如何“增加年輕人投票意願”的道路上，維也納走偏了；為何政治人物和臉書並不適合在一起。
　
Die Presse(奧地利媒體)： 四位不滿20歲的年輕人表示對政治感到很煩悶。

『有一半的人對政治體系僅有少許信任，甚至完全沒有。這到底發生了什麼事?』
　
Christoph Nödl：很多人認為他們的一票並無法真的造成什麼影響，或是不覺得政治人物代表了他們。
　
Mahrukh Syed： Stefan Zweig*曾說過：「真實性和政治很少住在同一個屋簷下。」政客承諾了所有可能，最後什麼卻也沒有發生，他們想要的不過是選票。
　
Christoph： 沒錯，問題就是，政客是為了選舉而工作，在那之後他們該做什麼都沒有做。
　
Theresa Sövegjarto： 但我也看到許多年輕人希望可以有所影響，因此也去投票。
　
『十月時你們全部要去投票─你們朋友有人不去的嗎?為何不去?』
　
David Pöder： 有，有很多。政治不在他們有興趣的範圍，因為他們根本就不熟悉。他們也覺得自己根本沒頭緒要投誰，然後不管。根本沒興趣。
　
Christoph： 歐洲議會大選前很多人說，這又不是奧地利的選舉，我沒興趣。但到了維也納選舉時，仍然有很多人對此不感興趣。但過去有人為了這項權利奮鬥，為了我們自己，我們也應該要實行這項權利。
　
Mahrukh： 我也這樣認為，所以我會去投票。因女人曾為此而抗爭，最終才被允許投票。
　
『之前的維也納選舉，年輕人參與率低於平均值。該怎麼做才會讓更多的年輕人出來投票呢?』
　
David： 課堂中安排多一些政治教育。歷史課是和政治有關，但實在是太少了。
　
Christoph： 我的歷史課教授就做得很好，會利用奧地利歷史上的政治事件來跟我們解釋。要理解未來，就必須先了解過去。
　
Theresa： 但是在歷史中有太多無盡的議題，我有感覺要是老師們必須將全部都告訴我們，這樣的負擔會有些過重。
　
Mahrukh： 應該要有個專門的政治課，這樣可以專注在政黨以及相關問題：當我去投票時，到底能有什麼效果。
　
Christoph： 不過我倒是認為，不只是老師應該要做，政黨也要──而非只是用那些競選海報，像是現在綠黨的那些曬傷海報*。
　
『如果可以線上投票的話，會不會帶來什麼不一樣的呢?』
　
Mahrukh： 我有想過。大多數人差不多就坐在電腦前吧。
　
David： 我也想說參與率應該會提升吧。但這樣可能不會再是已知的選舉，會變成只是用手指點一下而已。
　
Theresa： 我寧願去投票，一方面網路一直都是有風險的，例如被駭客入侵；另一方面，如果人們真的想要改變，不會放棄站起來去投票。
　
Christoph： 只是，要怎麼鼓動那些不願意行動的年輕人?問題在於很多政黨不關注他們所感興趣的事物。
　
『你們對重要議題的想法到底是什麼呢?』
　
David： 最近的事就是教育。這個議題目前在媒體上是備受關注，Neos*也強力的關注。這件事關乎所有年輕人。
　
Mahrukh： 政客應該要問，年輕人要什麼。例如： Zentralmatura*時就應該要問我們。
　
Christoph： 其實應該要有適當的計畫，處置教育跟失業率的關係，而非各自表述。
　
『你們在維也納有看到什麼樣的問題?』
　
Christoph： 首先，比較負面的我自己會先想到Mariahilfer街*，我很多朋友也這麼覺得。
　
David： 我有注意到Mariahilfer街上現在有很多年輕人，那邊的生活品質完全下降很多。
　
Christoph： 為此稅又拿在手上，才又有新的交通問題。
　
Mahrukh： 我想到了紅綠燈的小人*。Okay，那個真的是滿可愛的，但我們真的需要要把錢用在其他地方上，像是教育。
　
『政治人物必須做什麼，才會比較貼近年輕人呢?』
　
David： 要親自現身，選前要不斷的嘗試規劃和年輕人討論。不過通常領導者們根本無所謂，他們就派個人去而已，儘管這樣可以影響許多人去關注、產生興趣。
　
『你們對於網路的看法? 對於政治人物的臉書專頁是怎麼想的?』
　
Mahrukh： 那讓事情看起來很可笑，因為我剛想到Strache*。還有要是政治人物把裸上身的照片發表在臉書，就會出現在所有媒體上。
　
David： 是阿，我覺得對政治人物而言，在臉書上呈現很嚴肅的樣子也是頗困難。不過要是有人可以做得很好的話，肯定是一個很好的機會和年輕人進行對話。
　
Theresa： 太多政客在社群網站上自誇。很多年輕人也不會按這些專業讚，因為也不想讓別人知道他們覺得某個政黨很好。
　
Christoph： 我覺得超級不客觀的阿，人們根本不知道這專業是不是真的是Werner Faymann或 Michael Häupl自己去管理的。我認為臉書對政治來說完全是錯誤的地方。
　
受訪者
　
Mahrukh Syed (17歲)：維也納第12區Erlgasse 的GRG學校的學生，獲START獎學金*。
　
Christoph Nödl (17歲)：維也納第四區Theresianum學校的Matura考生。
　
David Pöder (18歲)：維也納第13區GRG的Matura考生。以青年一世界(Jugend Eine Welt*)公務員的身分到印度。
　
Theresa Sövegjarto (16歲)：Gymnasium Sacré Cœur的學生，秋天開始升七年級。
　
資料來源：
http:
//diepresse.com/home/panorama/wien/ideenfuerwien/4794642/Jugendliche-Ideen-fur-die-Politik_Kein-Geld-fur-Ampelmaennchen?_vl_backlink=/home/index.do
　
　
備註：
　
*Stefan Zweig (1881/11/28-1942/2/22)：著名奧地利猶太裔作家。(來源：維基百科) 
　
*綠黨最近以一系列人物曬痕的海報宣傳環境議題及政治宣傳。 
　
*Neos(Das Neue Österreich und Liberales Forum)：親奧地利與自由論壇，為奧地利一自由政黨。(來源：維基百科) 
　
*Zentralmatura：高中及高職等畢業考試總稱，該詞使用於奧地利、列支敦士登、瑞士德語區，義大利北部的德語區。在德國類似考試稱作Abitur。 
共有三個面向： 學術前研究、筆試、口試。 (參考自維基百科) 
　
*Mariahilfer Straße：奧地利維也納最大和最著名的購物街之一(參考自維基百科) 
　
*奧地利首都維也納五月開始設置同性戀/異性戀雙人主題紅綠燈，引起廣泛討論。 
　
*Heinz-Christian Strache：奧地利自由黨(Freiheitlichen Partei Österreichs, FPÖ)黨主席，政治立場極右派。2004年維也納州高等法院認定，Strache的理念與國家社會主義(納粹)近似。(來源：維基百科) 
　
*Werner Faymann：奧地利政治人物。 
　
*Michael Häupl：維也納市長。 
　
*START(獎學金)：給予有移民背景學生的獎學金，旨在促進移民融合。(來源：維基百科) 
　
*Jugend Eine Welt：一國際援助的非政府組織，位於維也納，創立於1997年，專注在兒童、青年和永續發展上。(來源：維基百科)
　
　
譯者：P.Yang",Link,,,"08/26/2015 07:30:01 PM",593,593,0,1024,1024,0,56,,17,,,17,,47,55,5,41,6,49,0,0,,,822,434,0,0,54,0,0,0,0,0,0,0,0,0,0
425972674207761_578211332317227,https://www.facebook.com/UnitedIssue/posts/578211332317227,"【俄媒】 男童意外毀損波爾波拉畫作　俄國網友怎麼看?
　
U.I網頁版： http://united-issue.com/posts/348
　
一名12歲少年在本月23號，於華山文創園區參觀『真相達文西‧天才之作』特展時，不慎跌倒毀損義大利畫家保羅‧波爾波拉(Paolo Porpora)之畫作《花》，此事近日在各大社群媒體網站上已引起了沸沸揚揚的討論。
　
有人認為此事代表民眾對於觀賞藝文展演的常識低落、有人歸咎於家長沒有盡管叫責任，同時也有人認為既然策展人都不向少年追究了，旁觀者也不該再搧風點火。
　
而今日(25號)，俄羅斯網路上也開始出現相關報導，以休閒娛樂、影音藝文為主的Afisha報導如下：
　
=========
　
Afisha: 12歲少年意外弄破價值150萬畫作
АФИША: http://vozduh.afisha.ru/news/8804/
　
12歲的台灣少年在美術館中跌在價值150萬美金的畫作上，並把它給弄破了。畫作《花》是17世紀的義大利畫家保羅‧波爾波拉之作品，目前正在台北展出。
　
監視器畫面連結: https://www.youtube.com/watch?v=zz_7Q-yxLF4
　
臺灣主辦單位則宣布，依據策展人安德烈‧羅西的意思，他們會像保險公司，而非這位少年或者他的家長求償。
　
=========
　
　
而在Afisha的Faceboook粉專PO文下也有不少網友回應，其中有幾篇較熱門的回覆:
　
　
『這讀起來真的很難受，更別說要在掛在你們網站的視窗上看了: ((( 真麻煩』 
── Olya 37 likes
（譯註: Afisha網站的新聞都是在旁邊的滑動視窗上顯示，不會有自己的頁面）
　
『於是少年變成了共同創作者…..』
 ── Kostya 18 likes
　
『PUMA的廣告團隊正在開香檳慶祝』
──Roman 15 likes
(譯註:影片中少年穿著PUMA的上衣)
　
『什麼時候美術館裡可以喝飲料了???』 
──Alexandra 12 likes
　
　
　
除Afisha外，還有許多俄國媒體也對此進行報導:
　
國際文通社: 臺灣少年意外毀損150萬美元名畫 Интефакс : http://www.interfax.ru/world/462415
　
NTV新聞: 男童劃破價值150萬美元的畫作 НТВ:http://www.ntv.ru/novosti/1484816/
　
URA新聞:「他倒在畫上。」少年意外摔在150萬美元的畫上 http://ura.ru/news/1052220306
　
　
而這則新聞甚至也出現在保加利亞媒體上；值得注意的是，本篇新聞下方回應非常熱烈，已有近50篇回應，一反平常臺灣新聞在俄羅斯與東歐新聞網上只有小貓兩三隻的狀況:
　
　
Dnevnik: 少年毀損了波爾波拉價值美金150萬的名畫《花》 
Дневник: http://www.dnevnik.bg/razvlechenie/2015/08/25/2596893_momche_susipa_cvetiata_za_15_mln_dolara_na/
　
　
而在甚囂塵上的討論下，臺灣有許多網友認為這應該不是真跡，有人質疑怎麼可能把真跡這樣毫無防護地擺出來，也有人認為藝文古物若是真跡，理論上都會有證書，希望策展人安德烈．羅西（Andrea Rossi）可以拿出證明。
　
目前《花》已由臺灣油畫修復師蔡舜任緊急現場修復，並於華山文創園區繼續展出。
　
　
※ 延伸閱讀
馬克：關於“真相達文西特展”事件...
http://markleeblog.pixnet.net/blog/post/3364002
　
　
譯者&amp;整理者：Shan",Link,,,"08/25/2015 06:30:00 PM",2030,2030,0,3481,3481,0,392,3,37,,6,37,,384,491,48,359,52,439,0,0,,,2696,1458,0,0,342,0,0,0,0,0,0,0,0,0,0
425972674207761_574761195995574,https://www.facebook.com/UnitedIssue/posts/574761195995574,"【日媒】 中國天津發生大規模爆炸 相關單位未透露爆炸原因即結束記者會

U.I網頁版： http://united-issue.com/posts/344

13日凌晨在中國天津發生大規模爆炸事件，天津消防局於日本時間13日下午舉行記者會，表示事故發生到現在已造成44人死亡，受傷人數攀升至500人以上。

爆炸至今經過約18個小時，距事發地點500公尺處仍可見滾滾黑煙升起。從腳邊坍塌的圍牆可知當時的爆炸威力。

13日下午，天津市消防局召開記者會。表示至今為止已造成44人死亡，其中有12位是消防人員，521名受傷人員現在正在醫院接受治療中。此外，由於爆炸氣流對眾多住宅影響甚鉅，約有3500名住戶進行撤離。但是官方並未說明倉庫存放的是什麼樣的化學物質、造成爆炸，即結束記者會。

下午6點45分的現在，在現場附近仍有四處地點的火尚未撲滅。而身著消防衣的消防員們正利用混和砂石的滅火劑進行撲滅動作。

資料來源: http://headlines.yahoo.co.jp/videonews/fnn?a=20150813-00000090-fnn-int



譯者：lei",Link,,,"08/14/2015 05:06:01 PM",481,481,0,849,849,0,35,,14,,,14,,26,26,,26,,26,0,0,,,734,390,0,0,34,0,0,0,0,0,0,0,0,0,0
425972674207761_573625909442436,https://www.facebook.com/UnitedIssue/posts/573625909442436,"【日媒】 初次參加廣島和平紀念儀式 美國國務次卿「難以忘懷」
　
U.I網頁版： http://united-issue.com/posts/339
　
　
美國國務次卿高特莫勒(Rose E. Gottemoeller)於7日在東京進行演講，身為美國政府高級官員，對於初次參加6日的廣島和平紀念儀式，她表示「內心感觸深刻。和平之鐘敲響的那一瞬間讓我難以忘懷。」
　
讓全人類了解核兵器將帶來如此悲慘的結果，站在反對繼續使用核能的立場上，高特莫勒說道「廣島與長崎被爆者們的親身經歷扮演了很重要的角色」。
　
高特莫勒提到持續向年輕世代傳承被爆經歷的行動也令她印象深刻。
　
高特莫勒亦會出席9日的長崎和平紀念儀式悼念死難者。
　
　
資料來源:：http://www.kyoto-np.co.jp/international/article/20150807000143
　
　
圖片來源：http://www.state.gov/t/avc/rls/155400.htm 
　
　
補充： 
　
[1] 美國國務次卿：
　
1919年至1972年，本職位是美國國務院中僅次於國務卿的第二職務，作為國務卿的主要副手、首席幫辦，以及在國務卿缺席時承擔代理國務卿的職責。1972年7月，美國副國務卿一職取代了本職級。現今美國設置多個負責專門事務的國務次卿有：政務次卿、管理次卿、經濟發展暨能源環境次卿、公眾外交暨公共事務次卿、軍備控制暨國際安全事務次卿及平民安全暨民主人權次卿。高特莫勒目前擔任軍備控制暨國際安全事務次卿(Under Secretary for Arms Control and International Security)。 
　
(參考資料：https://zh.wikipedia.org/wiki/%E7%BE%8E%E5%9B%BD%E6%AC%A1%E5%9B%BD%E5%8A%A1%E5%8D%BF) 
　
　
[2] 被爆者：日語詞彙，指當年在日本廣島長崎於原子彈爆炸中受到核輻射影響、出現身體健康狀況異常的受害者。 
　
(參考資料：https://zh.wikipedia.org/wiki/%E8%A2%AB%E7%88%86%E8%80%85)",Link,,,"08/12/2015 05:45:01 AM",302,302,0,586,586,0,14,,6,,,6,,9,9,1,8,1,8,0,0,,,529,253,0,0,14,0,0,0,0,0,0,0,0,0,0
425972674207761_573625586109135,https://www.facebook.com/UnitedIssue/posts/573625586109135,"【俄媒】 歐元價格自二月以來首度高於71盧布
　
U.I網頁版： http://united-issue.com/posts/342
　

本日(11日)莫斯科交易所內歐元對盧布的價格上升了1.8，變成了1歐元:兌71.01盧布，美元則上升了1.31，來到1美元:64.12盧布。
　
至此歐元對盧布的價格已超過今年二月25號時的高點──1歐元:71盧布。
　
今早俄羅斯央行將八月12號的官方匯率訂為1美元:63.2098盧布，比先前預估的少了1.2879盧布；歐元:盧布則是1:69.6762。貨幣籃匯率 （註1）根據官方匯率來參考的話，估計是66.1197盧布。
　
盧布加速貶值，跟油價再度下跌息息相關。雖然Brent石油（註2）的油價在本日上升1%，但在莫斯科時間16點15分時，倫敦州際交易所的九月份Brent油價，則下降了2.3%，為每桶49.26美元。
　
週二(本日)時世界銀行也宣布，因為對伊朗的經濟封鎖解除，2016年度的油價將會降低10美元。
　
『盧布的動態』
　
今年五月底至六月初時，由於烏克蘭地區不穩定的局勢，外幣價格逐漸上升。從六月27號起美元雖然下降，但價值仍在50盧布以上(50.32盧布)。歐元則從在六月初便一直高於1:60盧布。
　
六月初到七月中旬，油價穩定，1美元在52~55盧布間擺盪，1歐元則在60~62盧布的區間徘徊。然而，最近一次的油價下跌喚起了投資者對市場可能供過於求的擔憂，進而造成盧布幣值下滑。八月11號俄國央行訂定1美元:64.45盧布(與五月時的美元最低價格相比，一共增加了31%，15.27盧布)，歐元從三月起便一直高於70盧布，訂為1:70.75(與四月時的歐元最低點相比，增加了33.7%，即是17.85盧布)
　
　
資料來源: http://tass.ru/ekonomika/2180076


註1： 
貨幣籃匯率Currency Basket Exchange Rate/ стоимость бивалютной корзины，貨幣籃是由各種不同貨幣，按照一定權重所組成，貨幣籃匯率是本幣（或者是某種貨幣）相對於一籃子貨幣的加權平均匯率。俄羅斯當前的貨幣籃源於2007年2月8號制定，組成為45%歐元與55%美金。 
　
註2： 
　
布蘭特石油Brent Crude 是一種輕質原油，其價格是全球石油交易的重要基準。",Link,,,"08/11/2015 07:30:01 PM",448,448,0,848,848,0,39,,7,,,7,,36,40,3,35,3,37,0,0,,,780,396,0,0,38,0,0,0,0,0,0,0,0,0,0
425972674207761_570952196376474,https://www.facebook.com/UnitedIssue/posts/570952196376474,"【日媒】 安理會改革初步談判基本文書

U.I網頁版： http://united-issue.com/posts/338


聯合國大會主席公開安理會改革初步談判的基本文書，是否引起對長年來停滯的安理會改革議題的關注備受注目。

關於聯合國安理會改革，擴大理事國等的議題討論已有20年之久，雖然日本也希望加入常任理事國，但因各國的想法錯綜複雜，難以有所進展。

如此，聯合國大會主席庫泰薩31日公開到目前為止各國所提出改革案的彙整文書，表明此將成為今後談判的基礎。文書中，針對增加多少理事國、只有常任理事國能行駛的否決權如何限制等的問題，大約有120國提出意見。

至今，雖然過去也有大會主席製作此種文書的事例，但卻是首次作為談判基礎，是否是為推動改革受到注目。聯合國日本代表吉川元偉大使表示：「主席的判斷充滿勇氣。為了實際開始以此文殊為基礎的交涉，希望日本能加強推動。」


資料來源: http://www3.nhk.or.jp/news/html/20150801/k10010174711000.html


備註:圖片:http://www.b92.net/eng/news/politics.php?yyyy=2012&amp;mm=09&amp;dd=26&amp;nav_id=82358


譯者：F.D Liling, Jr.",Link,,,"08/03/2015 06:00:00 PM",301,301,0,577,577,0,17,,9,,,9,,10,13,1,10,1,12,0,0,,,527,260,0,0,16,0,0,0,0,0,0,0,0,0,0
425972674207761_569954599809567,https://www.facebook.com/UnitedIssue/posts/569954599809567,"【臺灣】日復一日，人民不斷走上街頭；年過一年，一再抗爭為的只是改變我們的社會
　
每天每天關注國際大小事，但到了關鍵時刻，還是要回到我們的臺灣──『反黑箱課綱臨時會』現場網路直播：
　
【公民實況轉播組C.R.C.G.】
https://www.youtube.com/channel/UCO_tR1z1FzT-BkxOXHJA-Ww/live
　
【公民實況轉播組-文森直播】
http://livestream.com/accounts/10424521/events/4187594
　
【公民實況轉播組-阿凱公民覺醒紀錄】
http://livestream.com/accounts/10240183/events/4226183
　
【56運動】
https://www.youtube.com/watch?v=mNLwM9Nf0Ig&amp;feature=youtu.be
　
【公民記者-星星】
http://livestream.com/accounts/10245192/events/4217164
　
　
希望大家持續關注、幫忙轉發!!!
　
若有朋友有其他連結、進一步消息，也歡迎提供!
　

United Issue.",Link,,,"07/30/2015 09:13:45 AM",966,966,0,1945,1945,0,105,,27,1,,27,1,89,122,9,87,17,105,0,0,,,1623,789,0,0,101,0,0,0,0,0,0,0,0,0,0
425972674207761_569613666510327,https://www.facebook.com/UnitedIssue/posts/569613666510327,"【日媒】 俄羅斯內政部解雇11萬職員 陷入經濟困境

U.I網頁版： http://united-issue.com/posts/337


倫敦（CNN Money）俄羅斯總統普京簽署總統命令，到25日為止大量解雇約11萬的內政部職員。相當於總數的十分之一，今後內政部的職員數僅會維持在100萬人的水準。

俄羅斯現在的經濟因為原油價格下跌以及因烏克蘭危機而受歐美經濟制裁的打擊，陷入近年來最嚴重的困境中。這次大規模的公務員裁減計畫是克服窘境的對策的一環。

此次的解僱對象大多是事務部門，內政部內有警察、負責治安的民兵組織、道路安全管理政策部門等。

俄羅斯政府宣布今年除了政府部門的國防相關預算外，其餘一律削減１０％。今年3月普京自己也減薪十分之一。

今年第一季的1到3月，俄羅斯經濟負成長2.2％。國際貨幣基金預測今年一整年會有3.8％的負成長，明年則是1％以上。

根據俄羅斯政府，今年6月的失業率增加至5.4％，去年同月則是4.8％。


資料來源: http://headlines.yahoo.co.jp/hl?a=20150725-35067890-cnn-int


備註:圖片:http://defence.pk/threads/whether-men-should-cry.354951/


譯者：F.D Liling, Jr.",Link,,,"07/29/2015 06:00:01 PM",1470,1470,0,2504,2504,0,144,2,20,1,2,20,1,133,164,31,114,35,129,0,0,,,1493,776,0,0,111,0,0,0,0,0,0,0,0,0,0
425972674207761_568089576662736,https://www.facebook.com/UnitedIssue/posts/568089576662736,"【日媒】 地中海難民超過13萬人 今年上半年比去年多了80%

U.I網頁版： http://united-issue.com/posts/330


聯合國難民署(UNHCR)[註一]於1日表示，今年1~6月從中東、非洲等地搭船穿越地中海，前往南歐國家的義大利、希臘、西班牙、馬爾他四國的難民及移民人數上升至13萬7千人，比去年同期的7萬5千人多了83%。

UNHCR強調這只是「記錄上的數字」，隨著船難事故相繼發生，他們也呼籲國際社會提供更多的支援。

根據UNHCR，今年上半年抵達義大利或希臘的移民中，有三分之一是來自於持續內戰的敘利亞。


資料來源: http://www.kyoto-np.co.jp/international/article/20150701000097


備註:圖片來源=https://twitter.com/unhcruk 

[註一]聯合國難民署，全名聯合國難民事務高級專員辦事處(Office of the UN High Commissioner for Refugees, 又名UN Refugee Agency)，宗旨是領導和協調世界範圍內保護難民和解決難民問題的國際行動。(資料來源=維基百科)


譯者：lei",Link,,,"07/24/2015 06:00:01 PM",346,346,0,642,642,0,21,,10,,,10,,14,14,1,13,1,13,0,0,,,586,303,0,0,20,0,0,0,0,0,0,0,0,0,0
425972674207761_566650966806597,https://www.facebook.com/UnitedIssue/posts/566650966806597,"【日媒】 東海新設施 日中緊張可能再升高

U.I網頁版： http://united-issue.com/posts/334

關於中國在東海的中日中線附近進行海上平台建設，政府警戒中國單方面的資源開發問題，安全保障方面恐怕也很擔心。

雖然平台本來是用來進行海底挖掘、處理、儲藏資源的設施，但這個巨大建築物有配備雷達，也可能進行偵察直升機的起降。

中國在2013年11月時單方發表包含沖繩縣尖閣諸島(原文：沖縄県・尖閣諸島；釣魚台)上空的防空識別區，但防空省幹部表示「取的空域太廣，雷達的追蹤能力無法及。」中國把平台作為雷達基地，提升監視能力，可能用軍機對入侵防空識別區的飛機進行緊急的嚇阻。

安倍首相10日在眾院和平安全法制特別委員會上針對平台建設表示「安全保障環境很大的變化」，展現強烈擔憂。日中關係從去年11月至今年4月，安倍首相和習近平國家主席的元首會議實現等，雖然有改善傾向，這次的問題可能使緊張再度升高。

資料來源: http://headlines.yahoo.co.jp/hl?a=20150711-00050014-yom-pol

備註:圖片:http://time.com/3903411/oil-rig-resource-war-truth/

譯者：F.D Liling, Jr.",Status,,,"07/20/2015 06:00:01 PM",245,245,0,483,483,0,13,,5,,,5,,9,9,,9,,9,0,0,,,456,220,0,0,12,0,,,,,0,,,,
425972674207761_565915766880117,https://www.facebook.com/UnitedIssue/posts/565915766880117,"【日媒】 給谷內史無前例的禮遇 是否是催促首相訪中的信號

U.I網頁版： http://united-issue.com/posts/335


【北京 竹腰雅彦】中國除了安排國家安全保障局長谷內正太郎和國務院總理李克強的會面，16日在和楊潔篪的會談上針對定期對話有新的共識。

雖然說和安倍首相很親近，但給予不是閣僚的谷內特別禮遇被(日本政府相關人員)認為是「催促首相訪中的信號」。習主席預定9月訪美，可能想在此之前讓人留下中日關係前進的印象。

關於新的定期對話，日方表示「終究只是谷內和楊(潔篪)兩人的對話」，相對的中方認為是「高層的政治對話」，中國媒體(央視)也評價其有「重大的意義」。上海股市大幅下跌等明顯的經濟動盪下，中國政府內部對於必須改善和日本關係的看法逐漸增強。對於中國，因為和日本的政治溝通管道變窄，可以認為中國想要通過和谷內對話的框架，來試探安倍首相的想法。假使安倍首相在抗戰紀念日的訪中實現的話，也有能夠向國內宣示「戰勝國」立場的好處。


資料來源: http://headlines.yahoo.co.jp/hl?a=20150718-00050048-yom-pol


備註:圖片:http://big5.chinanews.com/tp/hd2011/2015/07-16/542125.shtml


譯者：F.D Liling, Jr.",Link,,,"07/18/2015 06:00:01 PM",272,272,0,511,511,0,12,,2,,,2,,10,10,,10,,10,0,0,,,482,247,0,0,12,0,0,0,0,0,0,0,0,0,0
425972674207761_564410257030668,https://www.facebook.com/UnitedIssue/posts/564410257030668,"【日媒】 巴基斯坦熱浪來襲 超過600人死亡

U.I網頁版： http://united-issue.com/posts/328


【新德里 岩田智雄】根據當地媒體報導，在巴基斯坦南部的信德省，由於熱浪來襲，至23日死亡人數已超過600人。

信德省自這個月的20日以來，相繼出現中暑死亡的病例。在第一大城喀拉蚩這幾天白天溫度高達40度以上，炎熱的天氣持續，民眾擔心這次的災害將會持續擴大。


資料來源: http://headlines.yahoo.co.jp/hl?a=20150623-00000559-san-asia


備註:圖片來源=http://www.afpbb.com/articles/-/3052520?ctm_campaign=topstory


譯者：lei",Link,,,"07/13/2015 11:42:24 PM",372,372,0,731,731,0,33,2,10,,6,10,,26,33,2,25,2,31,1,1,1,1,626,302,0,0,31,0,0,0,0,0,0,0,0,0,0
425972674207761_563607807110913,https://www.facebook.com/UnitedIssue/posts/563607807110913,"【日媒】 IMF總裁「希臘不應享有特別待遇」

U.I網頁版： http://united-issue.com/posts/333


國際貨幣基金 (IMF)總裁拉加德(Christine Lagarde)，於8日對於陷入財政危機的希臘，表示「(希臘)不應享有特殊待遇」，並重申不會提供新的融資方案。

希臘上個月月底無力償還欠IMF多達15億歐元的債務，陷入債務「拖欠」狀態。

拉加德根據此點表示「IMF必須遵守內規，保持公正性。不應做出任何的特別待遇」，強調只要拖欠債務的狀態持續，就不會提供新的融資方案。此外，拉加德也提到「大規模改革及債務重整是必要的」，一方面要求希臘政府進行財政改革，另一方面則是希望能緩和與歐盟方的債務償還條件造成的緊張局勢。

希臘於8日正式向歐盟提出為期三年的金融援助。並會在9日之前提出財政改革案。


資料來源: http://headlines.yahoo.co.jp/videonews/nnn?a=20150709-00000021-nnn-int


備註:圖片來源=http://bastillepost.com/hongkong/5-%E9%8C%A2%E8%B2%A1%E4%BA%8B/668300-%E5%9C%8B%E5%9F%BA%E6%9C%83%EF%BC%9A%E5%B8%8C%E8%87%98%E6%9C%89%E5%8F%AF%E8%83%BD%E8%84%AB%E6%AD%90-%E4%B8%8D%E4%BB%A3%E8%A1%A8%E6%AD%90%E5%85%83%E7%93%A6%E8%A7%A3?r=w


譯者：lei",Link,,,"07/10/2015 11:49:43 PM",343,343,0,657,657,0,30,,13,,,13,,19,19,2,17,2,17,0,0,,,607,314,0,0,30,0,0,0,0,0,0,0,0,0,0
425972674207761_561965113941849,https://www.facebook.com/UnitedIssue/posts/561965113941849,"【日媒】 &lt;伊朗核談判&gt;報導解除經濟制裁「暫時合意成立」

U.I網頁版： http://united-issue.com/posts/331


【維也納 和田浩明】 美聯社4日針對伊朗核談判報導道：對伊朗經濟制裁解除方法，相關負責的專家已經達成暫訂共識。然而，美國政府高官對每日新聞的裁訪表示：「即使專家層級解決問題，在閣僚那方仍有難下決定、為解決的問題」，反駁樂觀的演論。

伊朗和歐美等6國的談判雖然在7日的期限中進入最終階段，6國外長尚未聚集於談判進行地—維也納。這次美高官發言的最大焦點之一是間接建議制裁方面要進續進行，說明在政府官員層級瘸體會議決議前，不能妄下定論。

關於經濟制裁，伊朗最高指導部要求再簽署協議後應立即解除。為此，美國在協議發表時並未簽署，以協議為基礎向國際原子能總署(IAEA)確認伊朗已經實施的和相關措施，開始向解除方向進行談判。

有認為美國藉歐美和安理會的經濟制裁使有核問題的伊朗讓步。因此，伊朗強硬派間對解除制裁相當慎重。


資料來源: http://headlines.yahoo.co.jp/hl?a=20150705-00000060-mai-int


備註:圖片:http://www.bbc.com/news/world-middle-east-26269092


譯者：F.D Liling, Jr.",Link,,,"07/06/2015 03:02:19 AM",253,253,0,520,520,0,12,,3,,,3,,9,9,,9,,9,0,0,,,482,225,0,0,12,0,0,0,0,0,0,0,0,0,0
425972674207761_559585464179814,https://www.facebook.com/UnitedIssue/posts/559585464179814,"【日媒】 英女王警告「歐洲會分裂」 反對脫離歐盟？干涉政治？

U.I網頁版： http://united-issue.com/posts/329


伊莉莎白女王24號在德國國事訪問時，在總統府舉辦的晚宴上發言：「歐洲分裂很危險，必須警戒。」對此言論有「這不是反對英國退出歐盟的政治干涉？」的懷疑。

英國皇室主張「沒有關於對歐盟的發言。女王沒有表明政治立場」，否定這樣的猜測。近代英國王室在政治上堅守中立原則。

然而，英國已經決定在2017年底實施脫離歐盟的公投。脫離的討論沸沸揚揚。從明日起在布魯塞爾召開的歐盟元首會議上也預定要討論英國要求的歐盟改革議題，一部分英媒對女王的發炎反應強烈。

女王在2014年9月蘇格蘭獨立公投之前也曾表示「人們對未來要仔細考慮」。女王反對獨立已是公然的秘密。「現在事實上不也是以阻止獨立為目的的政治介入？」如此的批判正在擴大。

訴求費無君主制的英國團體「共和国(Republic)」對此表示反彈：「女王必須停止這種偷偷介入政治的意圖。」

除此之外，英王室介入政治的事件，查爾斯王子寫信給政府幕僚，闡述自己意見和需求的信件也是一個問題。對於因為「筆跡雜亂」而被比擬為「黑蜘蛛備忘錄」(衛報)的問題書信，有要求公開的審議的議論。


資料來源: http://headlines.yahoo.co.jp/hl?a=20150628-00000047-jij-eurp


備註:圖片:https://www.gov.uk/government/topical-events/queens-speech-2013


譯者：F.D Liling, Jr.",Link,,,"06/29/2015 06:00:00 PM",886,886,0,1602,1602,0,84,,16,,,16,,76,90,16,65,16,74,0,0,,,1426,766,0,0,78,0,0,0,0,0,0,0,0,0,0
425972674207761_555799297891764,https://www.facebook.com/UnitedIssue/posts/555799297891764,"【日媒】 普京：北方領土問題可能解決 表達欲交涉想法

U.I網頁版： http://united-issue.com/posts/327


【莫斯科 緒方賢一】俄羅斯普京總統19日在聖彼得堡和外國通信社的幹部會面。

對於北方領土問題，總統表示「所有問題都可能解決」，表示想與安倍首相交涉。

根據塔斯社，普京表示：「只有俄羅斯是無法解決北方領土問題的，等待日本方面的動作」，顯示必須向日本展現新提案的想法。

針對因為烏克蘭事件日本和歐美憶起對俄羅斯進行制裁的事情，他批判：「冷卻我們之間關係的責任在於日本。」

另一方面，總統稱日本為「戰略夥伴」，表達對於資源開發一同努力是日俄經濟關係的基礎。再加上針對日本商社參與在遠東薩哈林的液化天然瓦斯(LNG)事業的增產計畫，他指出「產能將高於預期」，表明支持增產的想法。


資料來源: http://headlines.yahoo.co.jp/hl?a=20150620-00050131-yom-int


備註:圖片:http://finance.technews.tw/2014/12/19/putin-press-conference/ 

譯者：F.D Liling, Jr.",Link,,,"06/22/2015 06:00:01 PM",353,353,0,666,666,0,25,,8,,,8,,18,18,1,17,1,17,0,0,,,596,314,0,0,22,0,0,0,0,0,0,0,0,0,0
425972674207761_554544911350536,https://www.facebook.com/UnitedIssue/posts/554544911350536,"【日媒】 &lt;IS&gt;前幹部證詞 替代貴金屬 資金來自海灣國家富貴階層

U.I網頁版： http://united-issue.com/posts/326


【開羅 秋山信一】

曾在伊斯蘭激進組織「伊斯蘭國(IS)」當任財務幹部的一名伊拉克男子在每日新聞於伊拉克警察當局的收容設施採訪時，表示IS自沙烏地阿拉伯等波斯灣國家的富裕階層、偽裝成慈善團體的支援組織等得到不少捐款。伊拉克當局也掌握到同樣的情報。雖然IS從海灣國家的資金流入至今仍有不明，藉這次IS幹部的證言確認對於理解這個被迷團包圍的組織有諸多貢獻。

【IS吸收150名外國女性】引導英國少女們的女性的證詞

此男是出生於伊拉克西部安巴爾省的阿布哈吉爾(音譯，アブ・ハジル)幹部。1969年出生，在2003年伊拉克戰爭的因緣際會下參加IS前身的組織。2007年成為財務幹部，2012年在領導者巴格達迪之下成為財務負責人。2014年6月被伊拉克當局逮捕，巴格達的警察設施中由當局陪同，和每日新聞的伊拉克人助手會面。

據證詞，IS支持者通過海灣國家的清真寺和慈善團體募集資金，也從同情IS的富裕階層獲得捐助。這些資金和綁架贖金、盜賣石油、文化財、實際支配地的課稅。掠奪一同成為主要資金來源。IS以這些資金購買貴金屬等高價物品帶到伊拉克。敘利亞等實際支配地，在當地轉賣以轉成現金。目的應該是為迴避鉅額現金運輸的風險。

其次，IS在海外運用持有的資金。在擁有眾多伊斯蘭教徒，友也IS同情者的印尼、馬來西亞、土耳其、海灣國家、黎巴嫩、東歐等地一個月可以獲得300萬美金的利潤。總收入在2014年6月大規模攻入伊拉克北部摩蘇爾前達到每月800萬美元。資金在巴格達迪指揮下，由巴格達迪的2個姪子及親近友人3人共5人組成的「總務財務局」管理。

阿布哈吉爾幹部在總務財務局的指示下，在IS於伊拉克實際支配的地區設立的行政區(州)分配資金。2014年4月在伊拉克北部尼尼微省分配150萬美元、西部安巴爾70萬、巴格達40萬、總共600萬美元。在連絡各行政區的財務負責人時，為避免遭竊聽都是以寫信的方式。

IS於1年前攻入摩蘇爾後，收入來源擴大。根據美國政府的分析，光是盜賣原油一天就激增100萬美元。

阿布阿吉爾幹部在受訪時也宣示對巴格達迪指揮者的忠誠，主張「為這個國家奪回強盛和光榮」，強力辯解「在地下擴展的IS資金會源源不斷。」

對於這樣的證詞，回應每日新聞採訪的伊拉克政府顧問(伊拉克激進派對策專家)伊莎姆哈須密(音譯，ヒシャム・ハシミ氏)表示：「即使是當局詢問，也是得到相同的資訊。」

在沙烏地阿拉伯等海灣各國同樣也存在一定數量，和IS一樣希望嚴格遵守伊斯蘭教義的伊斯蘭主義者。一般而言雖然對IS激進的行為強烈反對，各國政府也在清真寺進行監視，但地下支援著網絡是存在的。


資料來源: http://headlines.yahoo.co.jp/hl?a=20150614-00000003-mai-int


備註:圖片:http://headlines.yahoo.co.jp/hl?a=20150614-00000003-mai-int.view-000


譯者：F.D Liling, Jr.",Link,,,"06/18/2015 06:00:01 PM",353,353,0,721,721,0,39,1,10,,1,10,,30,38,,30,,38,0,0,,,662,314,0,0,37,0,0,0,0,0,0,0,0,0,0
425972674207761_554063731398654,https://www.facebook.com/UnitedIssue/posts/554063731398654,"【日媒】 日歐元首協議 一致促進進行強力海上活動的中國自制

U.I網頁版： http://united-issue.com/posts/323


安倍首相29日和歐洲理事會主席圖斯克等商談，達成一致促進進行強力海上活動的中國自制的協議。

會談後發表的共同聲明中明載：中國想的是在東海和南海避免以嚇阻和包含行使武力的行動。｣

此次協議也確認在今年內達成日本和歐盟經濟夥伴關係協議的合意。

會談後的共同記者發表會上安倍首相針對國會正在審議中的的安全保障關聯法案明白說明，強調「歐盟織成並贊同日本在國際社會扮演積極的角色。」


資料來源: http://headlines.yahoo.co.jp/videonews/fnn?a=20150530-00000570-fnn-pol


備註:圖片:http://www.straitstimes.com/news/asia/east-asia/story/eu-japan-say-wary-unilateral-actions-south-china-sea-20150529


譯者：F.D Liling, Jr.",Link,,,"06/15/2015 06:00:01 PM",328,328,0,655,655,0,23,,10,,,10,,15,19,4,13,5,14,0,0,,,621,299,0,0,22,0,0,0,0,0,0,0,0,0,0
425972674207761_551627518308942,https://www.facebook.com/UnitedIssue/posts/551627518308942,"【日媒】 G7高峰會開幕 討論烏克蘭情勢和世界經濟

U.I網頁版： http://united-issue.com/posts/325


G7高峰會(主要國家元首會議)在德國南部埃爾毛開幕。針對現在烏克蘭情勢及世界經濟進行討論。

高峰會上擔任議長的德國總理梅克爾在阿爾卑斯山山下的埃爾毛城迎接各國元首。現在進行的會議上，安倍首相積極表現出對烏克蘭情勢和平解決貢獻的樣子，此外在工作晚餐上批評中國在南海填海造島的行徑，尋求各國共識。另一方面，在此之前的日法元首會談上對中國在南海行動的問題，安倍首相和奧朗德總統有共同的擔心。再者，針對正在國會審議的安保法治，安倍表示「日法合作有擴大的空間」。對於此，奧朗德表示贊同，支持日本方面的合作。


資料來源: http://headlines.yahoo.co.jp/videonews/ann?a=20150607-00000031-ann-pol


圖片來源:http://en.wikipedia.org/wiki/41st_G7_summit


譯者：F.D Liling, Jr.",Link,,,"06/08/2015 06:00:00 PM",273,273,0,510,510,0,14,,5,,,5,,9,11,3,8,3,8,0,0,,,473,242,0,0,14,0,0,0,0,0,0,0,0,0,0
425972674207761_550186215119739,https://www.facebook.com/UnitedIssue/posts/550186215119739,"【韓媒】 「連10元都不敢漲」…國內原子筆市場為何堅守300元？

U.I網頁版： http://united-issue.com/posts/324


以Monami為代表的300元(譯註：以下單位均為韓圜)原子筆市場，現正面臨逐漸升高的危機感。
儘管文具產業界的收益正逐漸惡化，他們仍絲毫不敢動「漲價」的念頭。業界打算以最低利潤抵擋中國攻勢，就此投入了背水一戰。

業界於25日表示，身為低價原子筆市場第1名企業的Monami，自2011年將153原子筆由250元漲為300元後，價格便凍結至今。

153原子筆於1963年問世，當時的價格是15元，等同彼時一份報紙的價錢。經過52年後，如今一份報紙要價800元。有鑑於此，153原子筆的價格其實是走回頭路了。

有些人認為Monami之所以並未漲價，乃因其被指定為物價動向測定商品。然而這並非事實。物價動向測定商品是不會被公開的，而且被指定的商品所屬企業也能自由決定價格。

對於153原子筆價格凍結的原因，業界則認為是「確保價格競爭力」與「市場結構」兩者。

業界內的一位相關人士表示：「從Monami將價格由250元漲為300元的行為看來，我們可得知他們感受到的壓力。」並指出：「300元是能不賠本地生產原子筆的價格帶。」

以法國文具、生活用品品牌”BIC”的BIC原子筆為首，許多各式各樣的企業紛紛投身低價原子筆市場。因為有別於其他的產業群，這座市場不要求高度技術力，且進入門檻也低。

而具備價格競爭力的中國製低價原子筆，更是這座市場內的最大伏兵。中國產原子筆直接輸入國內，或者中國生產、零件輸入等流通方式，早已在國內十分普遍。內情更顯示，抄襲153原子筆的「山寨原子筆」也已在市面上流通了。

不僅如此，企業的主要戰略是視各機構為特定販售對象。特定販售既然有著需大量販售商品的特性，對於價格差自然更為敏感。業界中有許多人都認為，即使漲個10~20元也會很有壓力。

而文具企業的產品獲利幅度也不算高。綜合各企業的意見看來，以產品的消費者售價為基準，企業預留了約50%的利潤。而零售商獲利30~40%、代理商店則獲利約10%。在這樣的情況下，不僅使得企業的實質業績惡化，也造成了市場萎縮。

根據Monami透露，2011～2012年度以Monami為首，包含Barunson(3月結算)、morning glory(6月結算)、東亞鉛筆……等文具企業的年平均總銷售額為8519億。2013年度則不及這個數值的一半，暴跌為3625億。業界甚至擔憂，一旦低價原子筆市場崩塌，整體文具市場遭到海外品牌蠶食也將是遲早的事。

「目前的情形是，1000元以上的筆記具市場早已由日本進駐、10000元以上的高價筆記具市場則由德國占了上風。」相關人士表示：「低價原子筆市場僅剩Monami這個品牌孤軍奮鬥。」


資料來源: http://news1.kr/articles/?2243683




譯者：施乃琪",Link,,,"06/03/2015 06:00:01 PM",667,667,0,1250,1250,0,89,,12,,,12,,79,88,6,73,7,81,0,0,,,1135,599,0,0,84,0,0,0,0,0,0,0,0,0,0
